Transaction_ID,Date,Merchant,Business,Status,Amount
1,2025-01-01,Demo Merchant 01,Books,Captured,94.57
2,2025-01-01,Demo Merchant 01,Clothing,Captured,74.4
3,2025-01-01,Demo Merchant 01,Electronics,Captured,101.26
4,2025-01-01,Demo Merchant 01,Food & Beverage,Pending,104.11
5,2025-01-01,Demo Merchant 02,Books,Captured,75.73
6,2025-01-01,Demo Merchant 02,Clothing,Captured,85.47
7,2025-01-01,Demo Merchant 02,Electronics,Captured,106.92
8,2025-01-01,Demo Merchant 02,Food & Beverage,Pending,100.26
9,2025-01-01,Demo Merchant 03,Books,Captured,119.75
10,2025-01-01,Demo Merchant 03,Clothing,Captured,107.2
11,2025-01-01,Demo Merchant 03,Electronics,Captured,133.19
12,2025-01-01,Demo Merchant 03,Food & Beverage,Pending,131.67
13,2025-01-01,Demo Merchant 04,Books,Captured,135.99
14,2025-01-01,Demo Merchant 04,Clothing,Captured,151.91
15,2025-01-01,Demo Merchant 04,Electronics,Captured,142.01
16,2025-01-01,Demo Merchant 04,Food & Beverage,Pending,122.11
17,2025-01-01,Demo Merchant 05,Books,Captured,155.53
18,2025-01-01,Demo Merchant 05,Clothing,Captured,135.62
19,2025-01-01,Demo Merchant 05,Electronics,Captured,163.18
20,2025-01-01,Demo Merchant 05,Food & Beverage,Pending,149.25
21,2025-01-01,Demo Merchant 06,Books,Captured,162.23
22,2025-01-01,Demo Merchant 06,Clothing,Captured,154.79
23,2025-01-01,Demo Merchant 06,Electronics,Captured,183.34
24,2025-01-01,Demo Merchant 06,Food & Beverage,Pending,162.68
25,2025-01-01,Demo Merchant 07,Books,Captured,173.58
26,2025-01-01,Demo Merchant 07,Clothing,Captured,174.72
27,2025-01-01,Demo Merchant 07,Electronics,Captured,187.98
28,2025-01-01,Demo Merchant 07,Food & Beverage,Pending,185.48
29,2025-01-01,Demo Merchant 08,Books,Captured,201.19
30,2025-01-01,Demo Merchant 08,Clothing,Captured,201.46
31,2025-01-01,Demo Merchant 08,Electronics,Captured,227.12
32,2025-01-01,Demo Merchant 08,Food & Beverage,Pending,188.9
33,2025-01-02,Demo Merchant 01,Books,Captured,82.32
34,2025-01-02,Demo Merchant 01,Clothing,Captured,77.79
35,2025-01-02,Demo Merchant 01,Electronics,Captured,99.24
36,2025-01-02,Demo Merchant 01,Food & Beverage,Pending,106.93
37,2025-01-02,Demo Merchant 02,Books,Captured,103.29
38,2025-01-02,Demo Merchant 02,Clothing,Captured,92.4
39,2025-01-02,Demo Merchant 02,Electronics,Captured,92.63
40,2025-01-02,Demo Merchant 02,Food & Beverage,Pending,114.76
41,2025-01-02,Demo Merchant 03,Books,Captured,131.15
42,2025-01-02,Demo Merchant 03,Clothing,Captured,128.15
43,2025-01-02,Demo Merchant 03,Electronics,Captured,110.02
44,2025-01-02,Demo Merchant 03,Food & Beverage,Pending,123.48
45,2025-01-02,Demo Merchant 04,Books,Captured,136.75
46,2025-01-02,Demo Merchant 04,Clothing,Captured,138.28
47,2025-01-02,Demo Merchant 04,Electronics,Captured,148.07
48,2025-01-02,Demo Merchant 04,Food & Beverage,Pending,138.35
49,2025-01-02,Demo Merchant 05,Books,Captured,160.18
50,2025-01-02,Demo Merchant 05,Clothing,Captured,151.01
51,2025-01-02,Demo Merchant 05,Electronics,Captured,154.34
52,2025-01-02,Demo Merchant 05,Food & Beverage,Pending,159.47
53,2025-01-02,Demo Merchant 06,Books,Captured,143.14
54,2025-01-02,Demo Merchant 06,Clothing,Captured,160.2
55,2025-01-02,Demo Merchant 06,Electronics,Captured,157.94
56,2025-01-02,Demo Merchant 06,Food & Beverage,Pending,155.42
57,2025-01-02,Demo Merchant 07,Books,Captured,175.87
58,2025-01-02,Demo Merchant 07,Clothing,Captured,202.42
59,2025-01-02,Demo Merchant 07,Electronics,Captured,167.01
60,2025-01-02,Demo Merchant 07,Food & Beverage,Pending,194.52
61,2025-01-02,Demo Merchant 08,Books,Captured,169.76
62,2025-01-02,Demo Merchant 08,Clothing,Captured,189.98
63,2025-01-02,Demo Merchant 08,Electronics,Captured,197.44
64,2025-01-02,Demo Merchant 08,Food & Beverage,Pending,203.79
65,2025-01-03,Demo Merchant 01,Books,Captured,100.67
66,2025-01-03,Demo Merchant 01,Clothing,Captured,101.9
67,2025-01-03,Demo Merchant 01,Electronics,Captured,84.77
68,2025-01-03,Demo Merchant 01,Food & Beverage,Pending,83.06
69,2025-01-03,Demo Merchant 02,Books,Captured,117.87
70,2025-01-03,Demo Merchant 02,Clothing,Captured,102.13
71,2025-01-03,Demo Merchant 02,Electronics,Captured,85.86
72,2025-01-03,Demo Merchant 02,Food & Beverage,Pending,88.0
73,2025-01-03,Demo Merchant 03,Books,Captured,106.21
74,2025-01-03,Demo Merchant 03,Clothing,Captured,127.46
75,2025-01-03,Demo Merchant 03,Electronics,Captured,122.14
76,2025-01-03,Demo Merchant 03,Food & Beverage,Pending,130.36
77,2025-01-03,Demo Merchant 04,Books,Captured,128.59
78,2025-01-03,Demo Merchant 04,Clothing,Captured,137.38
79,2025-01-03,Demo Merchant 04,Electronics,Captured,144.38
80,2025-01-03,Demo Merchant 04,Food & Beverage,Pending,130.36
81,2025-01-03,Demo Merchant 05,Books,Captured,156.85
82,2025-01-03,Demo Merchant 05,Clothing,Captured,140.07
83,2025-01-03,Demo Merchant 05,Electronics,Captured,144.55
84,2025-01-03,Demo Merchant 05,Food & Beverage,Pending,144.27
85,2025-01-03,Demo Merchant 06,Books,Captured,147.06
86,2025-01-03,Demo Merchant 06,Clothing,Captured,172.3
87,2025-01-03,Demo Merchant 06,Electronics,Captured,157.96
88,2025-01-03,Demo Merchant 06,Food & Beverage,Pending,165.19
89,2025-01-03,Demo Merchant 07,Books,Captured,187.21
90,2025-01-03,Demo Merchant 07,Clothing,Captured,186.7
91,2025-01-03,Demo Merchant 07,Electronics,Captured,189.98
92,2025-01-03,Demo Merchant 07,Food & Beverage,Pending,178.52
93,2025-01-03,Demo Merchant 08,Books,Captured,188.65
94,2025-01-03,Demo Merchant 08,Clothing,Captured,193.8
95,2025-01-03,Demo Merchant 08,Electronics,Captured,169.69
96,2025-01-03,Demo Merchant 08,Food & Beverage,Pending,173.29
97,2025-01-04,Demo Merchant 01,Books,Captured,70.16
98,2025-01-04,Demo Merchant 01,Clothing,Captured,75.04
99,2025-01-04,Demo Merchant 01,Electronics,Captured,96.0
100,2025-01-04,Demo Merchant 01,Food & Beverage,Pending,76.42
101,2025-01-04,Demo Merchant 02,Books,Captured,99.33
102,2025-01-04,Demo Merchant 02,Clothing,Captured,124.49
103,2025-01-04,Demo Merchant 02,Electronics,Captured,99.66
104,2025-01-04,Demo Merchant 02,Food & Beverage,Pending,116.06
105,2025-01-04,Demo Merchant 03,Books,Captured,106.0
106,2025-01-04,Demo Merchant 03,Clothing,Captured,116.92
107,2025-01-04,Demo Merchant 03,Electronics,Captured,105.75
108,2025-01-04,Demo Merchant 03,Food & Beverage,Pending,114.91
109,2025-01-04,Demo Merchant 04,Books,Captured,147.6
110,2025-01-04,Demo Merchant 04,Clothing,Captured,109.09
111,2025-01-04,Demo Merchant 04,Electronics,Captured,141.52
112,2025-01-04,Demo Merchant 04,Food & Beverage,Pending,138.57
113,2025-01-04,Demo Merchant 05,Books,Captured,141.09
114,2025-01-04,Demo Merchant 05,Clothing,Captured,128.31
115,2025-01-04,Demo Merchant 05,Electronics,Captured,151.08
116,2025-01-04,Demo Merchant 05,Food & Beverage,Pending,142.06
117,2025-01-04,Demo Merchant 06,Books,Captured,168.49
118,2025-01-04,Demo Merchant 06,Clothing,Captured,165.33
119,2025-01-04,Demo Merchant 06,Electronics,Captured,189.03
120,2025-01-04,Demo Merchant 06,Food & Beverage,Pending,161.41
121,2025-01-04,Demo Merchant 07,Books,Captured,164.65
122,2025-01-04,Demo Merchant 07,Clothing,Captured,182.69
123,2025-01-04,Demo Merchant 07,Electronics,Captured,183.3
124,2025-01-04,Demo Merchant 07,Food & Beverage,Pending,200.39
125,2025-01-04,Demo Merchant 08,Books,Captured,207.53
126,2025-01-04,Demo Merchant 08,Clothing,Captured,200.35
127,2025-01-04,Demo Merchant 08,Electronics,Captured,216.95
128,2025-01-04,Demo Merchant 08,Food & Beverage,Pending,177.17
129,2025-01-05,Demo Merchant 01,Books,Captured,80.4
130,2025-01-05,Demo Merchant 01,Clothing,Captured,76.1
131,2025-01-05,Demo Merchant 01,Electronics,Captured,84.15
132,2025-01-05,Demo Merchant 01,Food & Beverage,Pending,69.35
133,2025-01-05,Demo Merchant 02,Books,Captured,114.53
134,2025-01-05,Demo Merchant 02,Clothing,Captured,101.67
135,2025-01-05,Demo Merchant 02,Electronics,Captured,82.94
136,2025-01-05,Demo Merchant 02,Food & Beverage,Pending,89.77
137,2025-01-05,Demo Merchant 03,Books,Captured,124.7
138,2025-01-05,Demo Merchant 03,Clothing,Captured,132.57
139,2025-01-05,Demo Merchant 03,Electronics,Captured,149.95
140,2025-01-05,Demo Merchant 03,Food & Beverage,Pending,163.71
141,2025-01-05,Demo Merchant 04,Books,Captured,141.22
142,2025-01-05,Demo Merchant 04,Clothing,Captured,120.16
143,2025-01-05,Demo Merchant 04,Electronics,Captured,103.02
144,2025-01-05,Demo Merchant 04,Food & Beverage,Pending,139.02
145,2025-01-05,Demo Merchant 05,Books,Captured,137.81
146,2025-01-05,Demo Merchant 05,Clothing,Captured,143.77
147,2025-01-05,Demo Merchant 05,Electronics,Captured,140.82
148,2025-01-05,Demo Merchant 05,Food & Beverage,Pending,147.89
149,2025-01-05,Demo Merchant 06,Books,Captured,180.99
150,2025-01-05,Demo Merchant 06,Clothing,Captured,167.36
151,2025-01-05,Demo Merchant 06,Electronics,Captured,162.62
152,2025-01-05,Demo Merchant 06,Food & Beverage,Pending,149.47
153,2025-01-05,Demo Merchant 07,Books,Captured,154.88
154,2025-01-05,Demo Merchant 07,Clothing,Captured,172.71
155,2025-01-05,Demo Merchant 07,Electronics,Captured,179.19
156,2025-01-05,Demo Merchant 07,Food & Beverage,Pending,206.52
157,2025-01-05,Demo Merchant 08,Books,Captured,196.95
158,2025-01-05,Demo Merchant 08,Clothing,Captured,209.74
159,2025-01-05,Demo Merchant 08,Electronics,Captured,187.51
160,2025-01-05,Demo Merchant 08,Food & Beverage,Pending,177.23
161,2025-01-06,Demo Merchant 01,Books,Captured,75.52
162,2025-01-06,Demo Merchant 01,Clothing,Captured,79.12
163,2025-01-06,Demo Merchant 01,Electronics,Captured,121.93
164,2025-01-06,Demo Merchant 01,Food & Beverage,Pending,77.68
165,2025-01-06,Demo Merchant 02,Books,Captured,117.58
166,2025-01-06,Demo Merchant 02,Clothing,Captured,91.46
167,2025-01-06,Demo Merchant 02,Electronics,Captured,118.97
168,2025-01-06,Demo Merchant 02,Food & Beverage,Pending,110.77
169,2025-01-06,Demo Merchant 03,Books,Captured,117.65
170,2025-01-06,Demo Merchant 03,Clothing,Captured,119.39
171,2025-01-06,Demo Merchant 03,Electronics,Captured,110.18
172,2025-01-06,Demo Merchant 03,Food & Beverage,Pending,126.69
173,2025-01-06,Demo Merchant 04,Books,Captured,128.18
174,2025-01-06,Demo Merchant 04,Clothing,Captured,116.62
175,2025-01-06,Demo Merchant 04,Electronics,Captured,115.83
176,2025-01-06,Demo Merchant 04,Food & Beverage,Pending,137.59
177,2025-01-06,Demo Merchant 05,Books,Captured,173.69
178,2025-01-06,Demo Merchant 05,Clothing,Captured,152.4
179,2025-01-06,Demo Merchant 05,Electronics,Captured,148.22
180,2025-01-06,Demo Merchant 05,Food & Beverage,Pending,154.29
181,2025-01-06,Demo Merchant 06,Books,Captured,184.59
182,2025-01-06,Demo Merchant 06,Clothing,Captured,168.29
183,2025-01-06,Demo Merchant 06,Electronics,Captured,158.84
184,2025-01-06,Demo Merchant 06,Food & Beverage,Pending,181.59
185,2025-01-06,Demo Merchant 07,Books,Captured,186.43
186,2025-01-06,Demo Merchant 07,Clothing,Captured,203.04
187,2025-01-06,Demo Merchant 07,Electronics,Captured,182.75
188,2025-01-06,Demo Merchant 07,Food & Beverage,Pending,161.63
189,2025-01-06,Demo Merchant 08,Books,Captured,174.48
190,2025-01-06,Demo Merchant 08,Clothing,Captured,219.76
191,2025-01-06,Demo Merchant 08,Electronics,Captured,220.85
192,2025-01-06,Demo Merchant 08,Food & Beverage,Pending,192.31
193,2025-01-07,Demo Merchant 01,Books,Captured,84.25
194,2025-01-07,Demo Merchant 01,Clothing,Captured,111.92
195,2025-01-07,Demo Merchant 01,Electronics,Captured,73.39
196,2025-01-07,Demo Merchant 01,Food & Beverage,Pending,76.58
197,2025-01-07,Demo Merchant 02,Books,Captured,114.65
198,2025-01-07,Demo Merchant 02,Clothing,Captured,99.08
199,2025-01-07,Demo Merchant 02,Electronics,Captured,104.92
200,2025-01-07,Demo Merchant 02,Food & Beverage,Pending,102.55
201,2025-01-07,Demo Merchant 03,Books,Captured,125.06
202,2025-01-07,Demo Merchant 03,Clothing,Captured,141.11
203,2025-01-07,Demo Merchant 03,Electronics,Captured,121.36
204,2025-01-07,Demo Merchant 03,Food & Beverage,Pending,129.66
205,2025-01-07,Demo Merchant 04,Books,Captured,104.25
206,2025-01-07,Demo Merchant 04,Clothing,Captured,134.27
207,2025-01-07,Demo Merchant 04,Electronics,Captured,122.35
208,2025-01-07,Demo Merchant 04,Food & Beverage,Pending,116.72
209,2025-01-07,Demo Merchant 05,Books,Captured,136.83
210,2025-01-07,Demo Merchant 05,Clothing,Captured,144.99
211,2025-01-07,Demo Merchant 05,Electronics,Captured,163.74
212,2025-01-07,Demo Merchant 05,Food & Beverage,Pending,130.1
213,2025-01-07,Demo Merchant 06,Books,Captured,165.46
214,2025-01-07,Demo Merchant 06,Clothing,Captured,157.74
215,2025-01-07,Demo Merchant 06,Electronics,Captured,160.08
216,2025-01-07,Demo Merchant 06,Food & Beverage,Pending,180.04
217,2025-01-07,Demo Merchant 07,Books,Captured,188.07
218,2025-01-07,Demo Merchant 07,Clothing,Captured,200.06
219,2025-01-07,Demo Merchant 07,Electronics,Captured,177.68
220,2025-01-07,Demo Merchant 07,Food & Beverage,Pending,169.56
221,2025-01-07,Demo Merchant 08,Books,Captured,191.64
222,2025-01-07,Demo Merchant 08,Clothing,Captured,198.64
223,2025-01-07,Demo Merchant 08,Electronics,Captured,197.65
224,2025-01-07,Demo Merchant 08,Food & Beverage,Pending,178.73
225,2025-01-08,Demo Merchant 01,Books,Captured,91.36
226,2025-01-08,Demo Merchant 01,Clothing,Captured,93.42
227,2025-01-08,Demo Merchant 01,Electronics,Captured,127.76
228,2025-01-08,Demo Merchant 01,Food & Beverage,Pending,118.15
229,2025-01-08,Demo Merchant 02,Books,Captured,92.2
230,2025-01-08,Demo Merchant 02,Clothing,Captured,100.69
231,2025-01-08,Demo Merchant 02,Electronics,Captured,83.05
232,2025-01-08,Demo Merchant 02,Food & Beverage,Pending,96.14
233,2025-01-08,Demo Merchant 03,Books,Captured,124.73
234,2025-01-08,Demo Merchant 03,Clothing,Captured,138.09
235,2025-01-08,Demo Merchant 03,Electronics,Captured,109.06
236,2025-01-08,Demo Merchant 03,Food & Beverage,Pending,110.19
237,2025-01-08,Demo Merchant 04,Books,Captured,102.79
238,2025-01-08,Demo Merchant 04,Clothing,Captured,132.56
239,2025-01-08,Demo Merchant 04,Electronics,Captured,119.06
240,2025-01-08,Demo Merchant 04,Food & Beverage,Pending,127.06
241,2025-01-08,Demo Merchant 05,Books,Captured,136.85
242,2025-01-08,Demo Merchant 05,Clothing,Captured,148.59
243,2025-01-08,Demo Merchant 05,Electronics,Captured,123.63
244,2025-01-08,Demo Merchant 05,Food & Beverage,Pending,127.99
245,2025-01-08,Demo Merchant 06,Books,Captured,196.94
246,2025-01-08,Demo Merchant 06,Clothing,Captured,145.69
247,2025-01-08,Demo Merchant 06,Electronics,Captured,148.55
248,2025-01-08,Demo Merchant 06,Food & Beverage,Pending,192.55
249,2025-01-08,Demo Merchant 07,Books,Captured,223.58
250,2025-01-08,Demo Merchant 07,Clothing,Captured,162.43
251,2025-01-08,Demo Merchant 07,Electronics,Captured,174.48
252,2025-01-08,Demo Merchant 07,Food & Beverage,Pending,185.12
253,2025-01-08,Demo Merchant 08,Books,Captured,220.93
254,2025-01-08,Demo Merchant 08,Clothing,Captured,180.2
255,2025-01-08,Demo Merchant 08,Electronics,Captured,191.32
256,2025-01-08,Demo Merchant 08,Food & Beverage,Pending,206.66
257,2025-01-09,Demo Merchant 01,Books,Captured,96.52
258,2025-01-09,Demo Merchant 01,Clothing,Captured,84.36
259,2025-01-09,Demo Merchant 01,Electronics,Captured,87.99
260,2025-01-09,Demo Merchant 01,Food & Beverage,Pending,69.38
261,2025-01-09,Demo Merchant 02,Books,Captured,101.43
262,2025-01-09,Demo Merchant 02,Clothing,Captured,101.0
263,2025-01-09,Demo Merchant 02,Electronics,Captured,108.48
264,2025-01-09,Demo Merchant 02,Food & Beverage,Pending,96.67
265,2025-01-09,Demo Merchant 03,Books,Captured,127.07
266,2025-01-09,Demo Merchant 03,Clothing,Captured,135.19
267,2025-01-09,Demo Merchant 03,Electronics,Captured,122.33
268,2025-01-09,Demo Merchant 03,Food & Beverage,Pending,125.28
269,2025-01-09,Demo Merchant 04,Books,Captured,135.8
270,2025-01-09,Demo Merchant 04,Clothing,Captured,135.0
271,2025-01-09,Demo Merchant 04,Electronics,Captured,124.18
272,2025-01-09,Demo Merchant 04,Food & Beverage,Pending,139.75
273,2025-01-09,Demo Merchant 05,Books,Captured,148.54
274,2025-01-09,Demo Merchant 05,Clothing,Captured,181.4
275,2025-01-09,Demo Merchant 05,Electronics,Captured,173.6
276,2025-01-09,Demo Merchant 05,Food & Beverage,Pending,155.79
277,2025-01-09,Demo Merchant 06,Books,Captured,153.55
278,2025-01-09,Demo Merchant 06,Clothing,Captured,148.31
279,2025-01-09,Demo Merchant 06,Electronics,Captured,182.87
280,2025-01-09,Demo Merchant 06,Food & Beverage,Pending,168.94
281,2025-01-09,Demo Merchant 07,Books,Captured,187.2
282,2025-01-09,Demo Merchant 07,Clothing,Captured,153.83
283,2025-01-09,Demo Merchant 07,Electronics,Captured,193.91
284,2025-01-09,Demo Merchant 07,Food & Beverage,Pending,186.82
285,2025-01-09,Demo Merchant 08,Books,Captured,178.34
286,2025-01-09,Demo Merchant 08,Clothing,Captured,187.93
287,2025-01-09,Demo Merchant 08,Electronics,Captured,198.96
288,2025-01-09,Demo Merchant 08,Food & Beverage,Pending,195.79
289,2025-01-10,Demo Merchant 01,Books,Captured,85.62
290,2025-01-10,Demo Merchant 01,Clothing,Captured,88.45
291,2025-01-10,Demo Merchant 01,Electronics,Captured,86.22
292,2025-01-10,Demo Merchant 01,Food & Beverage,Pending,92.29
293,2025-01-10,Demo Merchant 02,Books,Captured,127.07
294,2025-01-10,Demo Merchant 02,Clothing,Captured,66.5
295,2025-01-10,Demo Merchant 02,Electronics,Captured,101.45
296,2025-01-10,Demo Merchant 02,Food & Beverage,Pending,107.65
297,2025-01-10,Demo Merchant 03,Books,Captured,124.44
298,2025-01-10,Demo Merchant 03,Clothing,Captured,114.42
299,2025-01-10,Demo Merchant 03,Electronics,Captured,93.65
300,2025-01-10,Demo Merchant 03,Food & Beverage,Pending,124.92
301,2025-01-10,Demo Merchant 04,Books,Captured,160.91
302,2025-01-10,Demo Merchant 04,Clothing,Captured,111.99
303,2025-01-10,Demo Merchant 04,Electronics,Captured,147.96
304,2025-01-10,Demo Merchant 04,Food & Beverage,Pending,130.07
305,2025-01-10,Demo Merchant 05,Books,Captured,149.08
306,2025-01-10,Demo Merchant 05,Clothing,Captured,134.21
307,2025-01-10,Demo Merchant 05,Electronics,Captured,144.98
308,2025-01-10,Demo Merchant 05,Food & Beverage,Pending,169.5
309,2025-01-10,Demo Merchant 06,Books,Captured,173.74
310,2025-01-10,Demo Merchant 06,Clothing,Captured,190.98
311,2025-01-10,Demo Merchant 06,Electronics,Captured,182.66
312,2025-01-10,Demo Merchant 06,Food & Beverage,Pending,171.59
313,2025-01-10,Demo Merchant 07,Books,Captured,206.16
314,2025-01-10,Demo Merchant 07,Clothing,Captured,186.58
315,2025-01-10,Demo Merchant 07,Electronics,Captured,192.42
316,2025-01-10,Demo Merchant 07,Food & Beverage,Pending,175.55
317,2025-01-10,Demo Merchant 08,Books,Captured,196.0
318,2025-01-10,Demo Merchant 08,Clothing,Captured,184.54
319,2025-01-10,Demo Merchant 08,Electronics,Captured,209.84
320,2025-01-10,Demo Merchant 08,Food & Beverage,Pending,177.33
321,2025-01-11,Demo Merchant 01,Books,Captured,101.74
322,2025-01-11,Demo Merchant 01,Clothing,Captured,87.14
323,2025-01-11,Demo Merchant 01,Electronics,Captured,107.57
324,2025-01-11,Demo Merchant 01,Food & Beverage,Pending,101.26
325,2025-01-11,Demo Merchant 02,Books,Captured,132.31
326,2025-01-11,Demo Merchant 02,Clothing,Captured,115.96
327,2025-01-11,Demo Merchant 02,Electronics,Captured,81.42
328,2025-01-11,Demo Merchant 02,Food & Beverage,Pending,104.0
329,2025-01-11,Demo Merchant 03,Books,Captured,102.42
330,2025-01-11,Demo Merchant 03,Clothing,Captured,112.23
331,2025-01-11,Demo Merchant 03,Electronics,Captured,142.67
332,2025-01-11,Demo Merchant 03,Food & Beverage,Pending,129.56
333,2025-01-11,Demo Merchant 04,Books,Captured,124.52
334,2025-01-11,Demo Merchant 04,Clothing,Captured,119.79
335,2025-01-11,Demo Merchant 04,Electronics,Captured,135.49
336,2025-01-11,Demo Merchant 04,Food & Beverage,Pending,116.75
337,2025-01-11,Demo Merchant 05,Books,Captured,139.93
338,2025-01-11,Demo Merchant 05,Clothing,Captured,154.68
339,2025-01-11,Demo Merchant 05,Electronics,Captured,167.33
340,2025-01-11,Demo Merchant 05,Food & Beverage,Pending,159.13
341,2025-01-11,Demo Merchant 06,Books,Captured,130.63
342,2025-01-11,Demo Merchant 06,Clothing,Captured,169.57
343,2025-01-11,Demo Merchant 06,Electronics,Captured,166.08
344,2025-01-11,Demo Merchant 06,Food & Beverage,Pending,171.21
345,2025-01-11,Demo Merchant 07,Books,Captured,204.24
346,2025-01-11,Demo Merchant 07,Clothing,Captured,149.05
347,2025-01-11,Demo Merchant 07,Electronics,Captured,171.13
348,2025-01-11,Demo Merchant 07,Food & Beverage,Pending,188.86
349,2025-01-11,Demo Merchant 08,Books,Captured,171.28
350,2025-01-11,Demo Merchant 08,Clothing,Captured,217.14
351,2025-01-11,Demo Merchant 08,Electronics,Captured,200.53
352,2025-01-11,Demo Merchant 08,Food & Beverage,Pending,207.7
353,2025-01-12,Demo Merchant 01,Books,Captured,81.44
354,2025-01-12,Demo Merchant 01,Clothing,Captured,102.21
355,2025-01-12,Demo Merchant 01,Electronics,Captured,106.03
356,2025-01-12,Demo Merchant 01,Food & Beverage,Pending,93.49
357,2025-01-12,Demo Merchant 02,Books,Captured,108.52
358,2025-01-12,Demo Merchant 02,Clothing,Captured,109.06
359,2025-01-12,Demo Merchant 02,Electronics,Captured,92.05
360,2025-01-12,Demo Merchant 02,Food & Beverage,Pending,102.79
361,2025-01-12,Demo Merchant 03,Books,Captured,117.71
362,2025-01-12,Demo Merchant 03,Clothing,Captured,125.75
363,2025-01-12,Demo Merchant 03,Electronics,Captured,135.0
364,2025-01-12,Demo Merchant 03,Food & Beverage,Pending,104.12
365,2025-01-12,Demo Merchant 04,Books,Captured,133.12
366,2025-01-12,Demo Merchant 04,Clothing,Captured,157.22
367,2025-01-12,Demo Merchant 04,Electronics,Captured,123.85
368,2025-01-12,Demo Merchant 04,Food & Beverage,Pending,122.67
369,2025-01-12,Demo Merchant 05,Books,Captured,153.03
370,2025-01-12,Demo Merchant 05,Clothing,Captured,162.67
371,2025-01-12,Demo Merchant 05,Electronics,Captured,150.17
372,2025-01-12,Demo Merchant 05,Food & Beverage,Pending,169.93
373,2025-01-12,Demo Merchant 06,Books,Captured,177.85
374,2025-01-12,Demo Merchant 06,Clothing,Captured,177.63
375,2025-01-12,Demo Merchant 06,Electronics,Captured,173.31
376,2025-01-12,Demo Merchant 06,Food & Beverage,Pending,199.91
377,2025-01-12,Demo Merchant 07,Books,Captured,176.92
378,2025-01-12,Demo Merchant 07,Clothing,Captured,149.95
379,2025-01-12,Demo Merchant 07,Electronics,Captured,204.06
380,2025-01-12,Demo Merchant 07,Food & Beverage,Pending,173.13
381,2025-01-12,Demo Merchant 08,Books,Captured,196.62
382,2025-01-12,Demo Merchant 08,Clothing,Captured,214.64
383,2025-01-12,Demo Merchant 08,Electronics,Captured,170.97
384,2025-01-12,Demo Merchant 08,Food & Beverage,Pending,176.23
385,2025-01-13,Demo Merchant 01,Books,Captured,65.98
386,2025-01-13,Demo Merchant 01,Clothing,Captured,78.09
387,2025-01-13,Demo Merchant 01,Electronics,Captured,96.59
388,2025-01-13,Demo Merchant 01,Food & Beverage,Pending,97.86
389,2025-01-13,Demo Merchant 02,Books,Captured,109.14
390,2025-01-13,Demo Merchant 02,Clothing,Captured,83.81
391,2025-01-13,Demo Merchant 02,Electronics,Captured,70.35
392,2025-01-13,Demo Merchant 02,Food & Beverage,Pending,105.82
393,2025-01-13,Demo Merchant 03,Books,Captured,112.92
394,2025-01-13,Demo Merchant 03,Clothing,Captured,126.89
395,2025-01-13,Demo Merchant 03,Electronics,Captured,130.53
396,2025-01-13,Demo Merchant 03,Food & Beverage,Pending,122.07
397,2025-01-13,Demo Merchant 04,Books,Captured,146.4
398,2025-01-13,Demo Merchant 04,Clothing,Captured,138.44
399,2025-01-13,Demo Merchant 04,Electronics,Captured,142.95
400,2025-01-13,Demo Merchant 04,Food & Beverage,Pending,124.43
401,2025-01-13,Demo Merchant 05,Books,Captured,147.31
402,2025-01-13,Demo Merchant 05,Clothing,Captured,152.95
403,2025-01-13,Demo Merchant 05,Electronics,Captured,162.31
404,2025-01-13,Demo Merchant 05,Food & Beverage,Pending,144.09
405,2025-01-13,Demo Merchant 06,Books,Captured,172.82
406,2025-01-13,Demo Merchant 06,Clothing,Captured,161.01
407,2025-01-13,Demo Merchant 06,Electronics,Captured,163.24
408,2025-01-13,Demo Merchant 06,Food & Beverage,Pending,177.44
409,2025-01-13,Demo Merchant 07,Books,Captured,150.1
410,2025-01-13,Demo Merchant 07,Clothing,Captured,160.55
411,2025-01-13,Demo Merchant 07,Electronics,Captured,157.77
412,2025-01-13,Demo Merchant 07,Food & Beverage,Pending,145.0
413,2025-01-13,Demo Merchant 08,Books,Captured,184.83
414,2025-01-13,Demo Merchant 08,Clothing,Captured,206.24
415,2025-01-13,Demo Merchant 08,Electronics,Captured,190.73
416,2025-01-13,Demo Merchant 08,Food & Beverage,Pending,197.97
417,2025-01-14,Demo Merchant 01,Books,Captured,106.34
418,2025-01-14,Demo Merchant 01,Clothing,Captured,109.92
419,2025-01-14,Demo Merchant 01,Electronics,Captured,88.96
420,2025-01-14,Demo Merchant 01,Food & Beverage,Pending,110.3
421,2025-01-14,Demo Merchant 02,Books,Captured,106.38
422,2025-01-14,Demo Merchant 02,Clothing,Captured,92.44
423,2025-01-14,Demo Merchant 02,Electronics,Captured,96.08
424,2025-01-14,Demo Merchant 02,Food & Beverage,Pending,82.79
425,2025-01-14,Demo Merchant 03,Books,Captured,106.68
426,2025-01-14,Demo Merchant 03,Clothing,Captured,114.63
427,2025-01-14,Demo Merchant 03,Electronics,Captured,132.05
428,2025-01-14,Demo Merchant 03,Food & Beverage,Pending,145.81
429,2025-01-14,Demo Merchant 04,Books,Captured,114.27
430,2025-01-14,Demo Merchant 04,Clothing,Captured,140.89
431,2025-01-14,Demo Merchant 04,Electronics,Captured,119.39
432,2025-01-14,Demo Merchant 04,Food & Beverage,Pending,142.12
433,2025-01-14,Demo Merchant 05,Books,Captured,148.03
434,2025-01-14,Demo Merchant 05,Clothing,Captured,122.54
435,2025-01-14,Demo Merchant 05,Electronics,Captured,163.92
436,2025-01-14,Demo Merchant 05,Food & Beverage,Pending,140.92
437,2025-01-14,Demo Merchant 06,Books,Captured,156.99
438,2025-01-14,Demo Merchant 06,Clothing,Captured,148.95
439,2025-01-14,Demo Merchant 06,Electronics,Captured,155.19
440,2025-01-14,Demo Merchant 06,Food & Beverage,Pending,171.42
441,2025-01-14,Demo Merchant 07,Books,Captured,177.16
442,2025-01-14,Demo Merchant 07,Clothing,Captured,184.93
443,2025-01-14,Demo Merchant 07,Electronics,Captured,185.43
444,2025-01-14,Demo Merchant 07,Food & Beverage,Pending,199.81
445,2025-01-14,Demo Merchant 08,Books,Captured,189.86
446,2025-01-14,Demo Merchant 08,Clothing,Captured,172.85
447,2025-01-14,Demo Merchant 08,Electronics,Captured,211.01
448,2025-01-14,Demo Merchant 08,Food & Beverage,Pending,190.03
449,2025-01-15,Demo Merchant 01,Books,Captured,106.72
450,2025-01-15,Demo Merchant 01,Clothing,Captured,95.75
451,2025-01-15,Demo Merchant 01,Electronics,Captured,88.03
452,2025-01-15,Demo Merchant 01,Food & Beverage,Pending,95.23
453,2025-01-15,Demo Merchant 02,Books,Captured,134.27
454,2025-01-15,Demo Merchant 02,Clothing,Captured,136.15
455,2025-01-15,Demo Merchant 02,Electronics,Captured,106.04
456,2025-01-15,Demo Merchant 02,Food & Beverage,Pending,107.4
457,2025-01-15,Demo Merchant 03,Books,Captured,136.14
458,2025-01-15,Demo Merchant 03,Clothing,Captured,107.32
459,2025-01-15,Demo Merchant 03,Electronics,Captured,125.0
460,2025-01-15,Demo Merchant 03,Food & Beverage,Pending,119.61
461,2025-01-15,Demo Merchant 04,Books,Captured,139.71
462,2025-01-15,Demo Merchant 04,Clothing,Captured,122.5
463,2025-01-15,Demo Merchant 04,Electronics,Captured,111.16
464,2025-01-15,Demo Merchant 04,Food & Beverage,Pending,103.91
465,2025-01-15,Demo Merchant 05,Books,Captured,133.24
466,2025-01-15,Demo Merchant 05,Clothing,Captured,143.12
467,2025-01-15,Demo Merchant 05,Electronics,Captured,145.6
468,2025-01-15,Demo Merchant 05,Food & Beverage,Pending,179.06
469,2025-01-15,Demo Merchant 06,Books,Captured,181.59
470,2025-01-15,Demo Merchant 06,Clothing,Captured,150.57
471,2025-01-15,Demo Merchant 06,Electronics,Captured,170.22
472,2025-01-15,Demo Merchant 06,Food & Beverage,Pending,158.89
473,2025-01-15,Demo Merchant 07,Books,Captured,175.73
474,2025-01-15,Demo Merchant 07,Clothing,Captured,182.78
475,2025-01-15,Demo Merchant 07,Electronics,Captured,189.29
476,2025-01-15,Demo Merchant 07,Food & Beverage,Pending,174.91
477,2025-01-15,Demo Merchant 08,Books,Captured,210.96
478,2025-01-15,Demo Merchant 08,Clothing,Captured,177.87
479,2025-01-15,Demo Merchant 08,Electronics,Captured,195.1
480,2025-01-15,Demo Merchant 08,Food & Beverage,Pending,233.97
481,2025-01-16,Demo Merchant 01,Books,Captured,93.35
482,2025-01-16,Demo Merchant 01,Clothing,Captured,111.5
483,2025-01-16,Demo Merchant 01,Electronics,Captured,91.37
484,2025-01-16,Demo Merchant 01,Food & Beverage,Pending,98.71
485,2025-01-16,Demo Merchant 02,Books,Captured,104.15
486,2025-01-16,Demo Merchant 02,Clothing,Captured,102.44
487,2025-01-16,Demo Merchant 02,Electronics,Captured,93.31
488,2025-01-16,Demo Merchant 02,Food & Beverage,Pending,111.45
489,2025-01-16,Demo Merchant 03,Books,Captured,107.23
490,2025-01-16,Demo Merchant 03,Clothing,Captured,129.98
491,2025-01-16,Demo Merchant 03,Electronics,Captured,136.28
492,2025-01-16,Demo Merchant 03,Food & Beverage,Pending,125.5
493,2025-01-16,Demo Merchant 04,Books,Captured,130.71
494,2025-01-16,Demo Merchant 04,Clothing,Captured,141.81
495,2025-01-16,Demo Merchant 04,Electronics,Captured,130.37
496,2025-01-16,Demo Merchant 04,Food & Beverage,Pending,149.03
497,2025-01-16,Demo Merchant 05,Books,Captured,122.53
498,2025-01-16,Demo Merchant 05,Clothing,Captured,144.97
499,2025-01-16,Demo Merchant 05,Electronics,Captured,120.14
500,2025-01-16,Demo Merchant 05,Food & Beverage,Pending,127.57
501,2025-01-16,Demo Merchant 06,Books,Captured,185.46
502,2025-01-16,Demo Merchant 06,Clothing,Captured,178.43
503,2025-01-16,Demo Merchant 06,Electronics,Captured,154.21
504,2025-01-16,Demo Merchant 06,Food & Beverage,Pending,142.46
505,2025-01-16,Demo Merchant 07,Books,Captured,135.53
506,2025-01-16,Demo Merchant 07,Clothing,Captured,171.85
507,2025-01-16,Demo Merchant 07,Electronics,Captured,216.31
508,2025-01-16,Demo Merchant 07,Food & Beverage,Pending,186.52
509,2025-01-16,Demo Merchant 08,Books,Captured,186.61
510,2025-01-16,Demo Merchant 08,Clothing,Captured,201.98
511,2025-01-16,Demo Merchant 08,Electronics,Captured,171.59
512,2025-01-16,Demo Merchant 08,Food & Beverage,Pending,190.54
513,2025-01-17,Demo Merchant 01,Books,Captured,91.49
514,2025-01-17,Demo Merchant 01,Clothing,Captured,88.71
515,2025-01-17,Demo Merchant 01,Electronics,Captured,101.86
516,2025-01-17,Demo Merchant 01,Food & Beverage,Pending,95.17
517,2025-01-17,Demo Merchant 02,Books,Captured,115.02
518,2025-01-17,Demo Merchant 02,Clothing,Captured,94.67
519,2025-01-17,Demo Merchant 02,Electronics,Captured,118.47
520,2025-01-17,Demo Merchant 02,Food & Beverage,Pending,129.43
521,2025-01-17,Demo Merchant 03,Books,Captured,105.45
522,2025-01-17,Demo Merchant 03,Clothing,Captured,106.68
523,2025-01-17,Demo Merchant 03,Electronics,Captured,140.04
524,2025-01-17,Demo Merchant 03,Food & Beverage,Pending,117.13
525,2025-01-17,Demo Merchant 04,Books,Captured,156.06
526,2025-01-17,Demo Merchant 04,Clothing,Captured,128.36
527,2025-01-17,Demo Merchant 04,Electronics,Captured,156.83
528,2025-01-17,Demo Merchant 04,Food & Beverage,Pending,136.97
529,2025-01-17,Demo Merchant 05,Books,Captured,153.87
530,2025-01-17,Demo Merchant 05,Clothing,Captured,173.47
531,2025-01-17,Demo Merchant 05,Electronics,Captured,144.57
532,2025-01-17,Demo Merchant 05,Food & Beverage,Pending,135.88
533,2025-01-17,Demo Merchant 06,Books,Captured,158.27
534,2025-01-17,Demo Merchant 06,Clothing,Captured,171.79
535,2025-01-17,Demo Merchant 06,Electronics,Captured,141.51
536,2025-01-17,Demo Merchant 06,Food & Beverage,Pending,174.56
537,2025-01-17,Demo Merchant 07,Books,Captured,171.92
538,2025-01-17,Demo Merchant 07,Clothing,Captured,197.22
539,2025-01-17,Demo Merchant 07,Electronics,Captured,144.09
540,2025-01-17,Demo Merchant 07,Food & Beverage,Pending,168.2
541,2025-01-17,Demo Merchant 08,Books,Captured,169.7
542,2025-01-17,Demo Merchant 08,Clothing,Captured,182.61
543,2025-01-17,Demo Merchant 08,Electronics,Captured,198.71
544,2025-01-17,Demo Merchant 08,Food & Beverage,Pending,192.31
545,2025-01-18,Demo Merchant 01,Books,Captured,86.2
546,2025-01-18,Demo Merchant 01,Clothing,Captured,87.61
547,2025-01-18,Demo Merchant 01,Electronics,Captured,93.05
548,2025-01-18,Demo Merchant 01,Food & Beverage,Pending,74.87
549,2025-01-18,Demo Merchant 02,Books,Captured,115.6
550,2025-01-18,Demo Merchant 02,Clothing,Captured,114.94
551,2025-01-18,Demo Merchant 02,Electronics,Captured,110.78
552,2025-01-18,Demo Merchant 02,Food & Beverage,Pending,113.35
553,2025-01-18,Demo Merchant 03,Books,Captured,124.45
554,2025-01-18,Demo Merchant 03,Clothing,Captured,150.53
555,2025-01-18,Demo Merchant 03,Electronics,Captured,118.69
556,2025-01-18,Demo Merchant 03,Food & Beverage,Pending,115.39
557,2025-01-18,Demo Merchant 04,Books,Captured,123.7
558,2025-01-18,Demo Merchant 04,Clothing,Captured,119.52
559,2025-01-18,Demo Merchant 04,Electronics,Captured,116.33
560,2025-01-18,Demo Merchant 04,Food & Beverage,Pending,121.67
561,2025-01-18,Demo Merchant 05,Books,Captured,148.94
562,2025-01-18,Demo Merchant 05,Clothing,Captured,155.01
563,2025-01-18,Demo Merchant 05,Electronics,Captured,150.77
564,2025-01-18,Demo Merchant 05,Food & Beverage,Pending,138.52
565,2025-01-18,Demo Merchant 06,Books,Captured,178.5
566,2025-01-18,Demo Merchant 06,Clothing,Captured,176.09
567,2025-01-18,Demo Merchant 06,Electronics,Captured,162.61
568,2025-01-18,Demo Merchant 06,Food & Beverage,Pending,155.21
569,2025-01-18,Demo Merchant 07,Books,Captured,188.23
570,2025-01-18,Demo Merchant 07,Clothing,Captured,182.82
571,2025-01-18,Demo Merchant 07,Electronics,Captured,158.28
572,2025-01-18,Demo Merchant 07,Food & Beverage,Pending,178.98
573,2025-01-18,Demo Merchant 08,Books,Captured,198.93
574,2025-01-18,Demo Merchant 08,Clothing,Captured,181.5
575,2025-01-18,Demo Merchant 08,Electronics,Captured,197.85
576,2025-01-18,Demo Merchant 08,Food & Beverage,Pending,173.18
577,2025-01-19,Demo Merchant 01,Books,Captured,110.04
578,2025-01-19,Demo Merchant 01,Clothing,Captured,108.72
579,2025-01-19,Demo Merchant 01,Electronics,Captured,86.21
580,2025-01-19,Demo Merchant 01,Food & Beverage,Pending,95.45
581,2025-01-19,Demo Merchant 02,Books,Captured,68.85
582,2025-01-19,Demo Merchant 02,Clothing,Captured,87.65
583,2025-01-19,Demo Merchant 02,Electronics,Captured,100.59
584,2025-01-19,Demo Merchant 02,Food & Beverage,Pending,88.92
585,2025-01-19,Demo Merchant 03,Books,Captured,130.72
586,2025-01-19,Demo Merchant 03,Clothing,Captured,149.96
587,2025-01-19,Demo Merchant 03,Electronics,Captured,102.35
588,2025-01-19,Demo Merchant 03,Food & Beverage,Pending,107.44
589,2025-01-19,Demo Merchant 04,Books,Captured,138.53
590,2025-01-19,Demo Merchant 04,Clothing,Captured,159.17
591,2025-01-19,Demo Merchant 04,Electronics,Captured,116.66
592,2025-01-19,Demo Merchant 04,Food & Beverage,Pending,138.74
593,2025-01-19,Demo Merchant 05,Books,Captured,177.32
594,2025-01-19,Demo Merchant 05,Clothing,Captured,125.22
595,2025-01-19,Demo Merchant 05,Electronics,Captured,130.78
596,2025-01-19,Demo Merchant 05,Food & Beverage,Pending,143.65
597,2025-01-19,Demo Merchant 06,Books,Captured,157.19
598,2025-01-19,Demo Merchant 06,Clothing,Captured,177.19
599,2025-01-19,Demo Merchant 06,Electronics,Captured,168.62
600,2025-01-19,Demo Merchant 06,Food & Beverage,Pending,138.38
601,2025-01-19,Demo Merchant 07,Books,Captured,187.73
602,2025-01-19,Demo Merchant 07,Clothing,Captured,171.34
603,2025-01-19,Demo Merchant 07,Electronics,Captured,199.12
604,2025-01-19,Demo Merchant 07,Food & Beverage,Pending,170.59
605,2025-01-19,Demo Merchant 08,Books,Captured,185.45
606,2025-01-19,Demo Merchant 08,Clothing,Captured,203.12
607,2025-01-19,Demo Merchant 08,Electronics,Captured,206.44
608,2025-01-19,Demo Merchant 08,Food & Beverage,Pending,201.72
609,2025-01-20,Demo Merchant 01,Books,Captured,64.72
610,2025-01-20,Demo Merchant 01,Clothing,Captured,98.07
611,2025-01-20,Demo Merchant 01,Electronics,Captured,74.49
612,2025-01-20,Demo Merchant 01,Food & Beverage,Pending,93.53
613,2025-01-20,Demo Merchant 02,Books,Captured,83.64
614,2025-01-20,Demo Merchant 02,Clothing,Captured,111.69
615,2025-01-20,Demo Merchant 02,Electronics,Captured,92.9
616,2025-01-20,Demo Merchant 02,Food & Beverage,Pending,85.76
617,2025-01-20,Demo Merchant 03,Books,Captured,130.71
618,2025-01-20,Demo Merchant 03,Clothing,Captured,123.62
619,2025-01-20,Demo Merchant 03,Electronics,Captured,110.79
620,2025-01-20,Demo Merchant 03,Food & Beverage,Pending,141.77
621,2025-01-20,Demo Merchant 04,Books,Captured,128.39
622,2025-01-20,Demo Merchant 04,Clothing,Captured,135.48
623,2025-01-20,Demo Merchant 04,Electronics,Captured,139.03
624,2025-01-20,Demo Merchant 04,Food & Beverage,Pending,125.71
625,2025-01-20,Demo Merchant 05,Books,Captured,157.07
626,2025-01-20,Demo Merchant 05,Clothing,Captured,142.0
627,2025-01-20,Demo Merchant 05,Electronics,Captured,143.83
628,2025-01-20,Demo Merchant 05,Food & Beverage,Pending,170.44
629,2025-01-20,Demo Merchant 06,Books,Captured,149.39
630,2025-01-20,Demo Merchant 06,Clothing,Captured,128.81
631,2025-01-20,Demo Merchant 06,Electronics,Captured,189.16
632,2025-01-20,Demo Merchant 06,Food & Beverage,Pending,203.24
633,2025-01-20,Demo Merchant 07,Books,Captured,173.92
634,2025-01-20,Demo Merchant 07,Clothing,Captured,150.95
635,2025-01-20,Demo Merchant 07,Electronics,Captured,175.34
636,2025-01-20,Demo Merchant 07,Food & Beverage,Pending,175.71
637,2025-01-20,Demo Merchant 08,Books,Captured,192.15
638,2025-01-20,Demo Merchant 08,Clothing,Captured,178.3
639,2025-01-20,Demo Merchant 08,Electronics,Captured,203.69
640,2025-01-20,Demo Merchant 08,Food & Beverage,Pending,202.87
641,2025-01-21,Demo Merchant 01,Books,Captured,67.58
642,2025-01-21,Demo Merchant 01,Clothing,Captured,100.49
643,2025-01-21,Demo Merchant 01,Electronics,Captured,120.79
644,2025-01-21,Demo Merchant 01,Food & Beverage,Pending,92.58
645,2025-01-21,Demo Merchant 02,Books,Captured,99.94
646,2025-01-21,Demo Merchant 02,Clothing,Captured,102.87
647,2025-01-21,Demo Merchant 02,Electronics,Captured,114.23
648,2025-01-21,Demo Merchant 02,Food & Beverage,Pending,79.04
649,2025-01-21,Demo Merchant 03,Books,Captured,122.47
650,2025-01-21,Demo Merchant 03,Clothing,Captured,114.14
651,2025-01-21,Demo Merchant 03,Electronics,Captured,147.72
652,2025-01-21,Demo Merchant 03,Food & Beverage,Pending,117.39
653,2025-01-21,Demo Merchant 04,Books,Captured,160.02
654,2025-01-21,Demo Merchant 04,Clothing,Captured,118.44
655,2025-01-21,Demo Merchant 04,Electronics,Captured,143.81
656,2025-01-21,Demo Merchant 04,Food & Beverage,Pending,139.79
657,2025-01-21,Demo Merchant 05,Books,Captured,136.96
658,2025-01-21,Demo Merchant 05,Clothing,Captured,152.66
659,2025-01-21,Demo Merchant 05,Electronics,Captured,168.19
660,2025-01-21,Demo Merchant 05,Food & Beverage,Pending,145.14
661,2025-01-21,Demo Merchant 06,Books,Captured,139.62
662,2025-01-21,Demo Merchant 06,Clothing,Captured,164.74
663,2025-01-21,Demo Merchant 06,Electronics,Captured,151.46
664,2025-01-21,Demo Merchant 06,Food & Beverage,Pending,159.86
665,2025-01-21,Demo Merchant 07,Books,Captured,178.78
666,2025-01-21,Demo Merchant 07,Clothing,Captured,154.42
667,2025-01-21,Demo Merchant 07,Electronics,Captured,155.77
668,2025-01-21,Demo Merchant 07,Food & Beverage,Pending,187.23
669,2025-01-21,Demo Merchant 08,Books,Captured,187.16
670,2025-01-21,Demo Merchant 08,Clothing,Captured,156.53
671,2025-01-21,Demo Merchant 08,Electronics,Captured,206.77
672,2025-01-21,Demo Merchant 08,Food & Beverage,Pending,199.09
673,2025-01-22,Demo Merchant 01,Books,Captured,79.29
674,2025-01-22,Demo Merchant 01,Clothing,Captured,70.25
675,2025-01-22,Demo Merchant 01,Electronics,Captured,102.54
676,2025-01-22,Demo Merchant 01,Food & Beverage,Pending,95.24
677,2025-01-22,Demo Merchant 02,Books,Captured,140.74
678,2025-01-22,Demo Merchant 02,Clothing,Captured,111.3
679,2025-01-22,Demo Merchant 02,Electronics,Captured,110.82
680,2025-01-22,Demo Merchant 02,Food & Beverage,Pending,102.5
681,2025-01-22,Demo Merchant 03,Books,Captured,132.25
682,2025-01-22,Demo Merchant 03,Clothing,Captured,129.38
683,2025-01-22,Demo Merchant 03,Electronics,Captured,138.78
684,2025-01-22,Demo Merchant 03,Food & Beverage,Pending,112.18
685,2025-01-22,Demo Merchant 04,Books,Captured,128.47
686,2025-01-22,Demo Merchant 04,Clothing,Captured,127.81
687,2025-01-22,Demo Merchant 04,Electronics,Captured,146.86
688,2025-01-22,Demo Merchant 04,Food & Beverage,Pending,157.48
689,2025-01-22,Demo Merchant 05,Books,Captured,143.12
690,2025-01-22,Demo Merchant 05,Clothing,Captured,143.63
691,2025-01-22,Demo Merchant 05,Electronics,Captured,154.71
692,2025-01-22,Demo Merchant 05,Food & Beverage,Pending,146.31
693,2025-01-22,Demo Merchant 06,Books,Captured,179.28
694,2025-01-22,Demo Merchant 06,Clothing,Captured,131.22
695,2025-01-22,Demo Merchant 06,Electronics,Captured,152.6
696,2025-01-22,Demo Merchant 06,Food & Beverage,Pending,153.26
697,2025-01-22,Demo Merchant 07,Books,Captured,145.19
698,2025-01-22,Demo Merchant 07,Clothing,Captured,165.55
699,2025-01-22,Demo Merchant 07,Electronics,Captured,166.27
700,2025-01-22,Demo Merchant 07,Food & Beverage,Pending,176.98
701,2025-01-22,Demo Merchant 08,Books,Captured,211.69
702,2025-01-22,Demo Merchant 08,Clothing,Captured,191.32
703,2025-01-22,Demo Merchant 08,Electronics,Captured,179.54
704,2025-01-22,Demo Merchant 08,Food & Beverage,Pending,194.15
705,2025-01-23,Demo Merchant 01,Books,Captured,105.74
706,2025-01-23,Demo Merchant 01,Clothing,Captured,75.36
707,2025-01-23,Demo Merchant 01,Electronics,Captured,76.34
708,2025-01-23,Demo Merchant 01,Food & Beverage,Pending,98.38
709,2025-01-23,Demo Merchant 02,Books,Captured,101.68
710,2025-01-23,Demo Merchant 02,Clothing,Captured,114.71
711,2025-01-23,Demo Merchant 02,Electronics,Captured,104.8
712,2025-01-23,Demo Merchant 02,Food & Beverage,Pending,115.52
713,2025-01-23,Demo Merchant 03,Books,Captured,104.47
714,2025-01-23,Demo Merchant 03,Clothing,Captured,119.82
715,2025-01-23,Demo Merchant 03,Electronics,Captured,116.84
716,2025-01-23,Demo Merchant 03,Food & Beverage,Pending,101.76
717,2025-01-23,Demo Merchant 04,Books,Captured,111.55
718,2025-01-23,Demo Merchant 04,Clothing,Captured,145.29
719,2025-01-23,Demo Merchant 04,Electronics,Captured,129.74
720,2025-01-23,Demo Merchant 04,Food & Beverage,Pending,119.67
721,2025-01-23,Demo Merchant 05,Books,Captured,148.56
722,2025-01-23,Demo Merchant 05,Clothing,Captured,166.92
723,2025-01-23,Demo Merchant 05,Electronics,Captured,115.79
724,2025-01-23,Demo Merchant 05,Food & Beverage,Pending,127.55
725,2025-01-23,Demo Merchant 06,Books,Captured,151.16
726,2025-01-23,Demo Merchant 06,Clothing,Captured,186.92
727,2025-01-23,Demo Merchant 06,Electronics,Captured,169.24
728,2025-01-23,Demo Merchant 06,Food & Beverage,Pending,176.51
729,2025-01-23,Demo Merchant 07,Books,Captured,162.9
730,2025-01-23,Demo Merchant 07,Clothing,Captured,163.21
731,2025-01-23,Demo Merchant 07,Electronics,Captured,186.72
732,2025-01-23,Demo Merchant 07,Food & Beverage,Pending,180.87
733,2025-01-23,Demo Merchant 08,Books,Captured,203.23
734,2025-01-23,Demo Merchant 08,Clothing,Captured,192.18
735,2025-01-23,Demo Merchant 08,Electronics,Captured,199.17
736,2025-01-23,Demo Merchant 08,Food & Beverage,Pending,197.37
737,2025-01-24,Demo Merchant 01,Books,Captured,101.67
738,2025-01-24,Demo Merchant 01,Clothing,Captured,102.11
739,2025-01-24,Demo Merchant 01,Electronics,Captured,65.7
740,2025-01-24,Demo Merchant 01,Food & Beverage,Pending,56.29
741,2025-01-24,Demo Merchant 02,Books,Captured,120.03
742,2025-01-24,Demo Merchant 02,Clothing,Captured,122.82
743,2025-01-24,Demo Merchant 02,Electronics,Captured,89.69
744,2025-01-24,Demo Merchant 02,Food & Beverage,Pending,77.1
745,2025-01-24,Demo Merchant 03,Books,Captured,121.49
746,2025-01-24,Demo Merchant 03,Clothing,Captured,133.96
747,2025-01-24,Demo Merchant 03,Electronics,Captured,146.96
748,2025-01-24,Demo Merchant 03,Food & Beverage,Pending,127.74
749,2025-01-24,Demo Merchant 04,Books,Captured,129.42
750,2025-01-24,Demo Merchant 04,Clothing,Captured,121.6
751,2025-01-24,Demo Merchant 04,Electronics,Captured,135.17
752,2025-01-24,Demo Merchant 04,Food & Beverage,Pending,130.51
753,2025-01-24,Demo Merchant 05,Books,Captured,134.77
754,2025-01-24,Demo Merchant 05,Clothing,Captured,180.73
755,2025-01-24,Demo Merchant 05,Electronics,Captured,176.78
756,2025-01-24,Demo Merchant 05,Food & Beverage,Pending,167.04
757,2025-01-24,Demo Merchant 06,Books,Captured,151.19
758,2025-01-24,Demo Merchant 06,Clothing,Captured,177.83
759,2025-01-24,Demo Merchant 06,Electronics,Captured,174.59
760,2025-01-24,Demo Merchant 06,Food & Beverage,Pending,171.64
761,2025-01-24,Demo Merchant 07,Books,Captured,198.74
762,2025-01-24,Demo Merchant 07,Clothing,Captured,189.53
763,2025-01-24,Demo Merchant 07,Electronics,Captured,191.1
764,2025-01-24,Demo Merchant 07,Food & Beverage,Pending,189.55
765,2025-01-24,Demo Merchant 08,Books,Captured,200.11
766,2025-01-24,Demo Merchant 08,Clothing,Captured,168.25
767,2025-01-24,Demo Merchant 08,Electronics,Captured,196.25
768,2025-01-24,Demo Merchant 08,Food & Beverage,Pending,186.66
769,2025-01-25,Demo Merchant 01,Books,Captured,70.8
770,2025-01-25,Demo Merchant 01,Clothing,Captured,115.23
771,2025-01-25,Demo Merchant 01,Electronics,Captured,115.93
772,2025-01-25,Demo Merchant 01,Food & Beverage,Pending,110.39
773,2025-01-25,Demo Merchant 02,Books,Captured,108.83
774,2025-01-25,Demo Merchant 02,Clothing,Captured,125.26
775,2025-01-25,Demo Merchant 02,Electronics,Captured,105.18
776,2025-01-25,Demo Merchant 02,Food & Beverage,Pending,108.04
777,2025-01-25,Demo Merchant 03,Books,Captured,103.6
778,2025-01-25,Demo Merchant 03,Clothing,Captured,125.95
779,2025-01-25,Demo Merchant 03,Electronics,Captured,120.91
780,2025-01-25,Demo Merchant 03,Food & Beverage,Pending,100.46
781,2025-01-25,Demo Merchant 04,Books,Captured,134.23
782,2025-01-25,Demo Merchant 04,Clothing,Captured,133.8
783,2025-01-25,Demo Merchant 04,Electronics,Captured,161.96
784,2025-01-25,Demo Merchant 04,Food & Beverage,Pending,148.41
785,2025-01-25,Demo Merchant 05,Books,Captured,150.17
786,2025-01-25,Demo Merchant 05,Clothing,Captured,153.73
787,2025-01-25,Demo Merchant 05,Electronics,Captured,150.66
788,2025-01-25,Demo Merchant 05,Food & Beverage,Pending,146.96
789,2025-01-25,Demo Merchant 06,Books,Captured,148.76
790,2025-01-25,Demo Merchant 06,Clothing,Captured,162.73
791,2025-01-25,Demo Merchant 06,Electronics,Captured,153.81
792,2025-01-25,Demo Merchant 06,Food & Beverage,Pending,146.25
793,2025-01-25,Demo Merchant 07,Books,Captured,187.67
794,2025-01-25,Demo Merchant 07,Clothing,Captured,185.87
795,2025-01-25,Demo Merchant 07,Electronics,Captured,153.2
796,2025-01-25,Demo Merchant 07,Food & Beverage,Pending,178.16
797,2025-01-25,Demo Merchant 08,Books,Captured,209.94
798,2025-01-25,Demo Merchant 08,Clothing,Captured,210.89
799,2025-01-25,Demo Merchant 08,Electronics,Captured,210.39
800,2025-01-25,Demo Merchant 08,Food & Beverage,Pending,195.58
801,2025-01-26,Demo Merchant 01,Books,Captured,77.32
802,2025-01-26,Demo Merchant 01,Clothing,Captured,73.74
803,2025-01-26,Demo Merchant 01,Electronics,Captured,95.17
804,2025-01-26,Demo Merchant 01,Food & Beverage,Pending,95.69
805,2025-01-26,Demo Merchant 02,Books,Captured,124.31
806,2025-01-26,Demo Merchant 02,Clothing,Captured,121.5
807,2025-01-26,Demo Merchant 02,Electronics,Captured,103.02
808,2025-01-26,Demo Merchant 02,Food & Beverage,Pending,86.34
809,2025-01-26,Demo Merchant 03,Books,Captured,115.21
810,2025-01-26,Demo Merchant 03,Clothing,Captured,123.26
811,2025-01-26,Demo Merchant 03,Electronics,Captured,116.97
812,2025-01-26,Demo Merchant 03,Food & Beverage,Pending,111.33
813,2025-01-26,Demo Merchant 04,Books,Captured,138.79
814,2025-01-26,Demo Merchant 04,Clothing,Captured,127.44
815,2025-01-26,Demo Merchant 04,Electronics,Captured,125.58
816,2025-01-26,Demo Merchant 04,Food & Beverage,Pending,139.67
817,2025-01-26,Demo Merchant 05,Books,Captured,143.97
818,2025-01-26,Demo Merchant 05,Clothing,Captured,153.66
819,2025-01-26,Demo Merchant 05,Electronics,Captured,154.1
820,2025-01-26,Demo Merchant 05,Food & Beverage,Pending,132.91
821,2025-01-26,Demo Merchant 06,Books,Captured,157.78
822,2025-01-26,Demo Merchant 06,Clothing,Captured,186.57
823,2025-01-26,Demo Merchant 06,Electronics,Captured,147.57
824,2025-01-26,Demo Merchant 06,Food & Beverage,Pending,133.25
825,2025-01-26,Demo Merchant 07,Books,Captured,152.07
826,2025-01-26,Demo Merchant 07,Clothing,Captured,180.44
827,2025-01-26,Demo Merchant 07,Electronics,Captured,180.46
828,2025-01-26,Demo Merchant 07,Food & Beverage,Pending,178.24
829,2025-01-26,Demo Merchant 08,Books,Captured,213.21
830,2025-01-26,Demo Merchant 08,Clothing,Captured,154.91
831,2025-01-26,Demo Merchant 08,Electronics,Captured,200.94
832,2025-01-26,Demo Merchant 08,Food & Beverage,Pending,218.42
833,2025-01-27,Demo Merchant 01,Books,Captured,73.08
834,2025-01-27,Demo Merchant 01,Clothing,Captured,84.3
835,2025-01-27,Demo Merchant 01,Electronics,Captured,78.71
836,2025-01-27,Demo Merchant 01,Food & Beverage,Pending,76.58
837,2025-01-27,Demo Merchant 02,Books,Captured,100.11
838,2025-01-27,Demo Merchant 02,Clothing,Captured,126.41
839,2025-01-27,Demo Merchant 02,Electronics,Captured,132.56
840,2025-01-27,Demo Merchant 02,Food & Beverage,Pending,99.96
841,2025-01-27,Demo Merchant 03,Books,Captured,148.58
842,2025-01-27,Demo Merchant 03,Clothing,Captured,120.53
843,2025-01-27,Demo Merchant 03,Electronics,Captured,146.31
844,2025-01-27,Demo Merchant 03,Food & Beverage,Pending,118.6
845,2025-01-27,Demo Merchant 04,Books,Captured,136.97
846,2025-01-27,Demo Merchant 04,Clothing,Captured,140.48
847,2025-01-27,Demo Merchant 04,Electronics,Captured,182.68
848,2025-01-27,Demo Merchant 04,Food & Beverage,Pending,147.77
849,2025-01-27,Demo Merchant 05,Books,Captured,139.39
850,2025-01-27,Demo Merchant 05,Clothing,Captured,164.53
851,2025-01-27,Demo Merchant 05,Electronics,Captured,144.57
852,2025-01-27,Demo Merchant 05,Food & Beverage,Pending,142.65
853,2025-01-27,Demo Merchant 06,Books,Captured,178.63
854,2025-01-27,Demo Merchant 06,Clothing,Captured,165.47
855,2025-01-27,Demo Merchant 06,Electronics,Captured,169.18
856,2025-01-27,Demo Merchant 06,Food & Beverage,Pending,165.21
857,2025-01-27,Demo Merchant 07,Books,Captured,185.05
858,2025-01-27,Demo Merchant 07,Clothing,Captured,186.37
859,2025-01-27,Demo Merchant 07,Electronics,Captured,150.95
860,2025-01-27,Demo Merchant 07,Food & Beverage,Pending,190.0
861,2025-01-27,Demo Merchant 08,Books,Captured,180.27
862,2025-01-27,Demo Merchant 08,Clothing,Captured,173.37
863,2025-01-27,Demo Merchant 08,Electronics,Captured,194.12
864,2025-01-27,Demo Merchant 08,Food & Beverage,Pending,196.26
865,2025-01-28,Demo Merchant 01,Books,Captured,79.6
866,2025-01-28,Demo Merchant 01,Clothing,Captured,102.47
867,2025-01-28,Demo Merchant 01,Electronics,Captured,69.87
868,2025-01-28,Demo Merchant 01,Food & Beverage,Pending,83.9
869,2025-01-28,Demo Merchant 02,Books,Captured,96.23
870,2025-01-28,Demo Merchant 02,Clothing,Captured,104.3
871,2025-01-28,Demo Merchant 02,Electronics,Captured,109.18
872,2025-01-28,Demo Merchant 02,Food & Beverage,Pending,89.88
873,2025-01-28,Demo Merchant 03,Books,Captured,130.86
874,2025-01-28,Demo Merchant 03,Clothing,Captured,120.95
875,2025-01-28,Demo Merchant 03,Electronics,Captured,91.62
876,2025-01-28,Demo Merchant 03,Food & Beverage,Pending,90.62
877,2025-01-28,Demo Merchant 04,Books,Captured,134.82
878,2025-01-28,Demo Merchant 04,Clothing,Captured,131.69
879,2025-01-28,Demo Merchant 04,Electronics,Captured,133.45
880,2025-01-28,Demo Merchant 04,Food & Beverage,Pending,134.58
881,2025-01-28,Demo Merchant 05,Books,Captured,153.38
882,2025-01-28,Demo Merchant 05,Clothing,Captured,164.21
883,2025-01-28,Demo Merchant 05,Electronics,Captured,133.33
884,2025-01-28,Demo Merchant 05,Food & Beverage,Pending,132.42
885,2025-01-28,Demo Merchant 06,Books,Captured,148.6
886,2025-01-28,Demo Merchant 06,Clothing,Captured,169.33
887,2025-01-28,Demo Merchant 06,Electronics,Captured,183.67
888,2025-01-28,Demo Merchant 06,Food & Beverage,Pending,158.53
889,2025-01-28,Demo Merchant 07,Books,Captured,142.47
890,2025-01-28,Demo Merchant 07,Clothing,Captured,154.44
891,2025-01-28,Demo Merchant 07,Electronics,Captured,167.5
892,2025-01-28,Demo Merchant 07,Food & Beverage,Pending,171.63
893,2025-01-28,Demo Merchant 08,Books,Captured,188.87
894,2025-01-28,Demo Merchant 08,Clothing,Captured,195.58
895,2025-01-28,Demo Merchant 08,Electronics,Captured,190.32
896,2025-01-28,Demo Merchant 08,Food & Beverage,Pending,210.74
897,2025-01-29,Demo Merchant 01,Books,Captured,79.86
898,2025-01-29,Demo Merchant 01,Clothing,Captured,77.07
899,2025-01-29,Demo Merchant 01,Electronics,Captured,97.18
900,2025-01-29,Demo Merchant 01,Food & Beverage,Pending,66.97
901,2025-01-29,Demo Merchant 02,Books,Captured,110.85
902,2025-01-29,Demo Merchant 02,Clothing,Captured,106.54
903,2025-01-29,Demo Merchant 02,Electronics,Captured,102.79
904,2025-01-29,Demo Merchant 02,Food & Beverage,Pending,128.82
905,2025-01-29,Demo Merchant 03,Books,Captured,110.67
906,2025-01-29,Demo Merchant 03,Clothing,Captured,150.9
907,2025-01-29,Demo Merchant 03,Electronics,Captured,116.62
908,2025-01-29,Demo Merchant 03,Food & Beverage,Pending,100.84
909,2025-01-29,Demo Merchant 04,Books,Captured,136.05
910,2025-01-29,Demo Merchant 04,Clothing,Captured,118.86
911,2025-01-29,Demo Merchant 04,Electronics,Captured,123.72
912,2025-01-29,Demo Merchant 04,Food & Beverage,Pending,140.96
913,2025-01-29,Demo Merchant 05,Books,Captured,158.33
914,2025-01-29,Demo Merchant 05,Clothing,Captured,140.67
915,2025-01-29,Demo Merchant 05,Electronics,Captured,164.81
916,2025-01-29,Demo Merchant 05,Food & Beverage,Pending,167.36
917,2025-01-29,Demo Merchant 06,Books,Captured,186.54
918,2025-01-29,Demo Merchant 06,Clothing,Captured,172.94
919,2025-01-29,Demo Merchant 06,Electronics,Captured,185.45
920,2025-01-29,Demo Merchant 06,Food & Beverage,Pending,136.79
921,2025-01-29,Demo Merchant 07,Books,Captured,175.23
922,2025-01-29,Demo Merchant 07,Clothing,Captured,166.99
923,2025-01-29,Demo Merchant 07,Electronics,Captured,181.79
924,2025-01-29,Demo Merchant 07,Food & Beverage,Pending,171.43
925,2025-01-29,Demo Merchant 08,Books,Captured,192.51
926,2025-01-29,Demo Merchant 08,Clothing,Captured,223.23
927,2025-01-29,Demo Merchant 08,Electronics,Captured,192.45
928,2025-01-29,Demo Merchant 08,Food & Beverage,Pending,201.21
929,2025-01-30,Demo Merchant 01,Books,Captured,86.52
930,2025-01-30,Demo Merchant 01,Clothing,Captured,91.14
931,2025-01-30,Demo Merchant 01,Electronics,Captured,90.09
932,2025-01-30,Demo Merchant 01,Food & Beverage,Pending,96.72
933,2025-01-30,Demo Merchant 02,Books,Captured,122.48
934,2025-01-30,Demo Merchant 02,Clothing,Captured,129.71
935,2025-01-30,Demo Merchant 02,Electronics,Captured,109.64
936,2025-01-30,Demo Merchant 02,Food & Beverage,Pending,113.84
937,2025-01-30,Demo Merchant 03,Books,Captured,102.74
938,2025-01-30,Demo Merchant 03,Clothing,Captured,118.68
939,2025-01-30,Demo Merchant 03,Electronics,Captured,134.1
940,2025-01-30,Demo Merchant 03,Food & Beverage,Pending,132.99
941,2025-01-30,Demo Merchant 04,Books,Captured,138.17
942,2025-01-30,Demo Merchant 04,Clothing,Captured,148.3
943,2025-01-30,Demo Merchant 04,Electronics,Captured,142.36
944,2025-01-30,Demo Merchant 04,Food & Beverage,Pending,153.0
945,2025-01-30,Demo Merchant 05,Books,Captured,154.34
946,2025-01-30,Demo Merchant 05,Clothing,Captured,144.66
947,2025-01-30,Demo Merchant 05,Electronics,Captured,155.04
948,2025-01-30,Demo Merchant 05,Food & Beverage,Pending,106.04
949,2025-01-30,Demo Merchant 06,Books,Captured,170.74
950,2025-01-30,Demo Merchant 06,Clothing,Captured,110.27
951,2025-01-30,Demo Merchant 06,Electronics,Captured,139.15
952,2025-01-30,Demo Merchant 06,Food & Beverage,Pending,171.78
953,2025-01-30,Demo Merchant 07,Books,Captured,187.16
954,2025-01-30,Demo Merchant 07,Clothing,Captured,162.56
955,2025-01-30,Demo Merchant 07,Electronics,Captured,169.32
956,2025-01-30,Demo Merchant 07,Food & Beverage,Pending,200.56
957,2025-01-30,Demo Merchant 08,Books,Captured,187.74
958,2025-01-30,Demo Merchant 08,Clothing,Captured,228.64
959,2025-01-30,Demo Merchant 08,Electronics,Captured,194.97
960,2025-01-30,Demo Merchant 08,Food & Beverage,Pending,201.12
961,2025-01-31,Demo Merchant 01,Books,Captured,114.25
962,2025-01-31,Demo Merchant 01,Clothing,Captured,91.97
963,2025-01-31,Demo Merchant 01,Electronics,Captured,74.96
964,2025-01-31,Demo Merchant 01,Food & Beverage,Pending,88.35
965,2025-01-31,Demo Merchant 02,Books,Captured,104.47
966,2025-01-31,Demo Merchant 02,Clothing,Captured,84.53
967,2025-01-31,Demo Merchant 02,Electronics,Captured,101.16
968,2025-01-31,Demo Merchant 02,Food & Beverage,Pending,93.87
969,2025-01-31,Demo Merchant 03,Books,Captured,133.87
970,2025-01-31,Demo Merchant 03,Clothing,Captured,120.52
971,2025-01-31,Demo Merchant 03,Electronics,Captured,115.76
972,2025-01-31,Demo Merchant 03,Food & Beverage,Pending,118.41
973,2025-01-31,Demo Merchant 04,Books,Captured,138.35
974,2025-01-31,Demo Merchant 04,Clothing,Captured,144.25
975,2025-01-31,Demo Merchant 04,Electronics,Captured,120.0
976,2025-01-31,Demo Merchant 04,Food & Beverage,Pending,119.38
977,2025-01-31,Demo Merchant 05,Books,Captured,166.57
978,2025-01-31,Demo Merchant 05,Clothing,Captured,143.81
979,2025-01-31,Demo Merchant 05,Electronics,Captured,128.75
980,2025-01-31,Demo Merchant 05,Food & Beverage,Pending,156.66
981,2025-01-31,Demo Merchant 06,Books,Captured,171.95
982,2025-01-31,Demo Merchant 06,Clothing,Captured,142.04
983,2025-01-31,Demo Merchant 06,Electronics,Captured,168.44
984,2025-01-31,Demo Merchant 06,Food & Beverage,Pending,176.03
985,2025-01-31,Demo Merchant 07,Books,Captured,185.62
986,2025-01-31,Demo Merchant 07,Clothing,Captured,189.48
987,2025-01-31,Demo Merchant 07,Electronics,Captured,158.94
988,2025-01-31,Demo Merchant 07,Food & Beverage,Pending,184.97
989,2025-01-31,Demo Merchant 08,Books,Captured,190.46
990,2025-01-31,Demo Merchant 08,Clothing,Captured,187.76
991,2025-01-31,Demo Merchant 08,Electronics,Captured,208.06
992,2025-01-31,Demo Merchant 08,Food & Beverage,Pending,217.19
993,2025-02-01,Demo Merchant 01,Books,Captured,116.92
994,2025-02-01,Demo Merchant 01,Clothing,Captured,109.72
995,2025-02-01,Demo Merchant 01,Electronics,Captured,88.35
996,2025-02-01,Demo Merchant 01,Food & Beverage,Pending,95.29
997,2025-02-01,Demo Merchant 02,Books,Captured,116.5
998,2025-02-01,Demo Merchant 02,Clothing,Captured,106.82
999,2025-02-01,Demo Merchant 02,Electronics,Captured,106.96
1000,2025-02-01,Demo Merchant 02,Food & Beverage,Pending,117.36
1001,2025-02-01,Demo Merchant 03,Books,Captured,119.11
1002,2025-02-01,Demo Merchant 03,Clothing,Captured,109.06
1003,2025-02-01,Demo Merchant 03,Electronics,Captured,113.78
1004,2025-02-01,Demo Merchant 03,Food & Beverage,Pending,129.51
1005,2025-02-01,Demo Merchant 04,Books,Captured,135.04
1006,2025-02-01,Demo Merchant 04,Clothing,Captured,140.1
1007,2025-02-01,Demo Merchant 04,Electronics,Captured,145.05
1008,2025-02-01,Demo Merchant 04,Food & Beverage,Pending,129.38
1009,2025-02-01,Demo Merchant 05,Books,Captured,161.34
1010,2025-02-01,Demo Merchant 05,Clothing,Captured,155.68
1011,2025-02-01,Demo Merchant 05,Electronics,Captured,131.48
1012,2025-02-01,Demo Merchant 05,Food & Beverage,Pending,171.63
1013,2025-02-01,Demo Merchant 06,Books,Captured,157.49
1014,2025-02-01,Demo Merchant 06,Clothing,Captured,140.17
1015,2025-02-01,Demo Merchant 06,Electronics,Captured,149.32
1016,2025-02-01,Demo Merchant 06,Food & Beverage,Pending,149.68
1017,2025-02-01,Demo Merchant 07,Books,Captured,180.78
1018,2025-02-01,Demo Merchant 07,Clothing,Captured,175.89
1019,2025-02-01,Demo Merchant 07,Electronics,Captured,174.95
1020,2025-02-01,Demo Merchant 07,Food & Beverage,Pending,189.3
1021,2025-02-01,Demo Merchant 08,Books,Captured,200.1
1022,2025-02-01,Demo Merchant 08,Clothing,Captured,199.74
1023,2025-02-01,Demo Merchant 08,Electronics,Captured,201.15
1024,2025-02-01,Demo Merchant 08,Food & Beverage,Pending,204.24
1025,2025-02-02,Demo Merchant 01,Books,Captured,58.38
1026,2025-02-02,Demo Merchant 01,Clothing,Captured,84.53
1027,2025-02-02,Demo Merchant 01,Electronics,Captured,57.3
1028,2025-02-02,Demo Merchant 01,Food & Beverage,Pending,90.54
1029,2025-02-02,Demo Merchant 02,Books,Captured,104.93
1030,2025-02-02,Demo Merchant 02,Clothing,Captured,120.68
1031,2025-02-02,Demo Merchant 02,Electronics,Captured,122.81
1032,2025-02-02,Demo Merchant 02,Food & Beverage,Pending,108.04
1033,2025-02-02,Demo Merchant 03,Books,Captured,112.49
1034,2025-02-02,Demo Merchant 03,Clothing,Captured,127.28
1035,2025-02-02,Demo Merchant 03,Electronics,Captured,112.08
1036,2025-02-02,Demo Merchant 03,Food & Beverage,Pending,119.98
1037,2025-02-02,Demo Merchant 04,Books,Captured,149.79
1038,2025-02-02,Demo Merchant 04,Clothing,Captured,126.63
1039,2025-02-02,Demo Merchant 04,Electronics,Captured,147.09
1040,2025-02-02,Demo Merchant 04,Food & Beverage,Pending,145.16
1041,2025-02-02,Demo Merchant 05,Books,Captured,135.68
1042,2025-02-02,Demo Merchant 05,Clothing,Captured,164.61
1043,2025-02-02,Demo Merchant 05,Electronics,Captured,160.48
1044,2025-02-02,Demo Merchant 05,Food & Beverage,Pending,151.53
1045,2025-02-02,Demo Merchant 06,Books,Captured,153.57
1046,2025-02-02,Demo Merchant 06,Clothing,Captured,152.11
1047,2025-02-02,Demo Merchant 06,Electronics,Captured,156.94
1048,2025-02-02,Demo Merchant 06,Food & Beverage,Pending,173.14
1049,2025-02-02,Demo Merchant 07,Books,Captured,165.67
1050,2025-02-02,Demo Merchant 07,Clothing,Captured,186.56
1051,2025-02-02,Demo Merchant 07,Electronics,Captured,161.37
1052,2025-02-02,Demo Merchant 07,Food & Beverage,Pending,176.94
1053,2025-02-02,Demo Merchant 08,Books,Captured,196.64
1054,2025-02-02,Demo Merchant 08,Clothing,Captured,231.68
1055,2025-02-02,Demo Merchant 08,Electronics,Captured,174.34
1056,2025-02-02,Demo Merchant 08,Food & Beverage,Pending,217.08
1057,2025-02-03,Demo Merchant 01,Books,Captured,92.25
1058,2025-02-03,Demo Merchant 01,Clothing,Captured,96.17
1059,2025-02-03,Demo Merchant 01,Electronics,Captured,91.78
1060,2025-02-03,Demo Merchant 01,Food & Beverage,Pending,96.67
1061,2025-02-03,Demo Merchant 02,Books,Captured,102.69
1062,2025-02-03,Demo Merchant 02,Clothing,Captured,126.81
1063,2025-02-03,Demo Merchant 02,Electronics,Captured,98.15
1064,2025-02-03,Demo Merchant 02,Food & Beverage,Pending,121.98
1065,2025-02-03,Demo Merchant 03,Books,Captured,110.33
1066,2025-02-03,Demo Merchant 03,Clothing,Captured,119.1
1067,2025-02-03,Demo Merchant 03,Electronics,Captured,103.92
1068,2025-02-03,Demo Merchant 03,Food & Beverage,Pending,126.83
1069,2025-02-03,Demo Merchant 04,Books,Captured,156.68
1070,2025-02-03,Demo Merchant 04,Clothing,Captured,133.84
1071,2025-02-03,Demo Merchant 04,Electronics,Captured,132.05
1072,2025-02-03,Demo Merchant 04,Food & Beverage,Pending,118.28
1073,2025-02-03,Demo Merchant 05,Books,Captured,146.56
1074,2025-02-03,Demo Merchant 05,Clothing,Captured,126.11
1075,2025-02-03,Demo Merchant 05,Electronics,Captured,136.31
1076,2025-02-03,Demo Merchant 05,Food & Beverage,Pending,153.4
1077,2025-02-03,Demo Merchant 06,Books,Captured,184.79
1078,2025-02-03,Demo Merchant 06,Clothing,Captured,207.14
1079,2025-02-03,Demo Merchant 06,Electronics,Captured,156.2
1080,2025-02-03,Demo Merchant 06,Food & Beverage,Pending,186.53
1081,2025-02-03,Demo Merchant 07,Books,Captured,183.66
1082,2025-02-03,Demo Merchant 07,Clothing,Captured,177.73
1083,2025-02-03,Demo Merchant 07,Electronics,Captured,186.49
1084,2025-02-03,Demo Merchant 07,Food & Beverage,Pending,180.93
1085,2025-02-03,Demo Merchant 08,Books,Captured,196.66
1086,2025-02-03,Demo Merchant 08,Clothing,Captured,188.88
1087,2025-02-03,Demo Merchant 08,Electronics,Captured,174.03
1088,2025-02-03,Demo Merchant 08,Food & Beverage,Pending,171.85
1089,2025-02-04,Demo Merchant 01,Books,Captured,99.8
1090,2025-02-04,Demo Merchant 01,Clothing,Captured,85.85
1091,2025-02-04,Demo Merchant 01,Electronics,Captured,81.06
1092,2025-02-04,Demo Merchant 01,Food & Beverage,Pending,90.13
1093,2025-02-04,Demo Merchant 02,Books,Captured,116.92
1094,2025-02-04,Demo Merchant 02,Clothing,Captured,107.71
1095,2025-02-04,Demo Merchant 02,Electronics,Captured,95.16
1096,2025-02-04,Demo Merchant 02,Food & Beverage,Pending,123.39
1097,2025-02-04,Demo Merchant 03,Books,Captured,143.69
1098,2025-02-04,Demo Merchant 03,Clothing,Captured,127.42
1099,2025-02-04,Demo Merchant 03,Electronics,Captured,134.6
1100,2025-02-04,Demo Merchant 03,Food & Beverage,Pending,138.63
1101,2025-02-04,Demo Merchant 04,Books,Captured,151.95
1102,2025-02-04,Demo Merchant 04,Clothing,Captured,144.21
1103,2025-02-04,Demo Merchant 04,Electronics,Captured,143.98
1104,2025-02-04,Demo Merchant 04,Food & Beverage,Pending,142.79
1105,2025-02-04,Demo Merchant 05,Books,Captured,133.54
1106,2025-02-04,Demo Merchant 05,Clothing,Captured,160.51
1107,2025-02-04,Demo Merchant 05,Electronics,Captured,129.66
1108,2025-02-04,Demo Merchant 05,Food & Beverage,Pending,138.08
1109,2025-02-04,Demo Merchant 06,Books,Captured,184.55
1110,2025-02-04,Demo Merchant 06,Clothing,Captured,177.6
1111,2025-02-04,Demo Merchant 06,Electronics,Captured,187.31
1112,2025-02-04,Demo Merchant 06,Food & Beverage,Pending,160.92
1113,2025-02-04,Demo Merchant 07,Books,Captured,162.72
1114,2025-02-04,Demo Merchant 07,Clothing,Captured,176.39
1115,2025-02-04,Demo Merchant 07,Electronics,Captured,181.53
1116,2025-02-04,Demo Merchant 07,Food & Beverage,Pending,181.18
1117,2025-02-04,Demo Merchant 08,Books,Captured,212.01
1118,2025-02-04,Demo Merchant 08,Clothing,Captured,189.58
1119,2025-02-04,Demo Merchant 08,Electronics,Captured,200.28
1120,2025-02-04,Demo Merchant 08,Food & Beverage,Pending,180.17
1121,2025-02-05,Demo Merchant 01,Books,Captured,96.75
1122,2025-02-05,Demo Merchant 01,Clothing,Captured,90.05
1123,2025-02-05,Demo Merchant 01,Electronics,Captured,78.75
1124,2025-02-05,Demo Merchant 01,Food & Beverage,Pending,86.46
1125,2025-02-05,Demo Merchant 02,Books,Captured,102.24
1126,2025-02-05,Demo Merchant 02,Clothing,Captured,100.95
1127,2025-02-05,Demo Merchant 02,Electronics,Captured,131.57
1128,2025-02-05,Demo Merchant 02,Food & Beverage,Pending,103.52
1129,2025-02-05,Demo Merchant 03,Books,Captured,116.34
1130,2025-02-05,Demo Merchant 03,Clothing,Captured,88.54
1131,2025-02-05,Demo Merchant 03,Electronics,Captured,106.59
1132,2025-02-05,Demo Merchant 03,Food & Beverage,Pending,116.05
1133,2025-02-05,Demo Merchant 04,Books,Captured,124.71
1134,2025-02-05,Demo Merchant 04,Clothing,Captured,155.73
1135,2025-02-05,Demo Merchant 04,Electronics,Captured,132.53
1136,2025-02-05,Demo Merchant 04,Food & Beverage,Pending,154.33
1137,2025-02-05,Demo Merchant 05,Books,Captured,150.93
1138,2025-02-05,Demo Merchant 05,Clothing,Captured,150.56
1139,2025-02-05,Demo Merchant 05,Electronics,Captured,148.67
1140,2025-02-05,Demo Merchant 05,Food & Beverage,Pending,150.06
1141,2025-02-05,Demo Merchant 06,Books,Captured,190.78
1142,2025-02-05,Demo Merchant 06,Clothing,Captured,130.21
1143,2025-02-05,Demo Merchant 06,Electronics,Captured,134.98
1144,2025-02-05,Demo Merchant 06,Food & Beverage,Pending,156.85
1145,2025-02-05,Demo Merchant 07,Books,Captured,180.22
1146,2025-02-05,Demo Merchant 07,Clothing,Captured,190.35
1147,2025-02-05,Demo Merchant 07,Electronics,Captured,187.1
1148,2025-02-05,Demo Merchant 07,Food & Beverage,Pending,174.24
1149,2025-02-05,Demo Merchant 08,Books,Captured,210.29
1150,2025-02-05,Demo Merchant 08,Clothing,Captured,210.45
1151,2025-02-05,Demo Merchant 08,Electronics,Captured,197.76
1152,2025-02-05,Demo Merchant 08,Food & Beverage,Pending,209.44
1153,2025-02-06,Demo Merchant 01,Books,Captured,94.09
1154,2025-02-06,Demo Merchant 01,Clothing,Captured,81.58
1155,2025-02-06,Demo Merchant 01,Electronics,Captured,100.47
1156,2025-02-06,Demo Merchant 01,Food & Beverage,Pending,91.66
1157,2025-02-06,Demo Merchant 02,Books,Captured,105.02
1158,2025-02-06,Demo Merchant 02,Clothing,Captured,127.09
1159,2025-02-06,Demo Merchant 02,Electronics,Captured,68.24
1160,2025-02-06,Demo Merchant 02,Food & Beverage,Pending,83.73
1161,2025-02-06,Demo Merchant 03,Books,Captured,102.19
1162,2025-02-06,Demo Merchant 03,Clothing,Captured,114.55
1163,2025-02-06,Demo Merchant 03,Electronics,Captured,116.18
1164,2025-02-06,Demo Merchant 03,Food & Beverage,Pending,97.39
1165,2025-02-06,Demo Merchant 04,Books,Captured,120.22
1166,2025-02-06,Demo Merchant 04,Clothing,Captured,122.09
1167,2025-02-06,Demo Merchant 04,Electronics,Captured,171.86
1168,2025-02-06,Demo Merchant 04,Food & Beverage,Pending,162.03
1169,2025-02-06,Demo Merchant 05,Books,Captured,143.82
1170,2025-02-06,Demo Merchant 05,Clothing,Captured,144.55
1171,2025-02-06,Demo Merchant 05,Electronics,Captured,132.76
1172,2025-02-06,Demo Merchant 05,Food & Beverage,Pending,121.38
1173,2025-02-06,Demo Merchant 06,Books,Captured,163.25
1174,2025-02-06,Demo Merchant 06,Clothing,Captured,150.03
1175,2025-02-06,Demo Merchant 06,Electronics,Captured,163.73
1176,2025-02-06,Demo Merchant 06,Food & Beverage,Pending,141.0
1177,2025-02-06,Demo Merchant 07,Books,Captured,168.57
1178,2025-02-06,Demo Merchant 07,Clothing,Captured,182.23
1179,2025-02-06,Demo Merchant 07,Electronics,Captured,185.49
1180,2025-02-06,Demo Merchant 07,Food & Beverage,Pending,186.26
1181,2025-02-06,Demo Merchant 08,Books,Captured,175.19
1182,2025-02-06,Demo Merchant 08,Clothing,Captured,207.82
1183,2025-02-06,Demo Merchant 08,Electronics,Captured,183.0
1184,2025-02-06,Demo Merchant 08,Food & Beverage,Pending,204.49
1185,2025-02-07,Demo Merchant 01,Books,Captured,89.84
1186,2025-02-07,Demo Merchant 01,Clothing,Captured,69.35
1187,2025-02-07,Demo Merchant 01,Electronics,Captured,85.26
1188,2025-02-07,Demo Merchant 01,Food & Beverage,Pending,95.48
1189,2025-02-07,Demo Merchant 02,Books,Captured,114.19
1190,2025-02-07,Demo Merchant 02,Clothing,Captured,102.89
1191,2025-02-07,Demo Merchant 02,Electronics,Captured,127.98
1192,2025-02-07,Demo Merchant 02,Food & Beverage,Pending,120.11
1193,2025-02-07,Demo Merchant 03,Books,Captured,116.15
1194,2025-02-07,Demo Merchant 03,Clothing,Captured,131.25
1195,2025-02-07,Demo Merchant 03,Electronics,Captured,149.01
1196,2025-02-07,Demo Merchant 03,Food & Beverage,Pending,149.41
1197,2025-02-07,Demo Merchant 04,Books,Captured,116.58
1198,2025-02-07,Demo Merchant 04,Clothing,Captured,121.1
1199,2025-02-07,Demo Merchant 04,Electronics,Captured,157.27
1200,2025-02-07,Demo Merchant 04,Food & Beverage,Pending,119.13
1201,2025-02-07,Demo Merchant 05,Books,Captured,130.16
1202,2025-02-07,Demo Merchant 05,Clothing,Captured,142.71
1203,2025-02-07,Demo Merchant 05,Electronics,Captured,156.3
1204,2025-02-07,Demo Merchant 05,Food & Beverage,Pending,148.46
1205,2025-02-07,Demo Merchant 06,Books,Captured,155.24
1206,2025-02-07,Demo Merchant 06,Clothing,Captured,154.89
1207,2025-02-07,Demo Merchant 06,Electronics,Captured,154.31
1208,2025-02-07,Demo Merchant 06,Food & Beverage,Pending,151.81
1209,2025-02-07,Demo Merchant 07,Books,Captured,214.22
1210,2025-02-07,Demo Merchant 07,Clothing,Captured,184.46
1211,2025-02-07,Demo Merchant 07,Electronics,Captured,193.3
1212,2025-02-07,Demo Merchant 07,Food & Beverage,Pending,172.66
1213,2025-02-07,Demo Merchant 08,Books,Captured,192.21
1214,2025-02-07,Demo Merchant 08,Clothing,Captured,184.3
1215,2025-02-07,Demo Merchant 08,Electronics,Captured,155.22
1216,2025-02-07,Demo Merchant 08,Food & Beverage,Pending,174.33
1217,2025-02-08,Demo Merchant 01,Books,Captured,62.84
1218,2025-02-08,Demo Merchant 01,Clothing,Captured,56.25
1219,2025-02-08,Demo Merchant 01,Electronics,Captured,72.07
1220,2025-02-08,Demo Merchant 01,Food & Beverage,Pending,109.87
1221,2025-02-08,Demo Merchant 02,Books,Captured,104.33
1222,2025-02-08,Demo Merchant 02,Clothing,Captured,124.36
1223,2025-02-08,Demo Merchant 02,Electronics,Captured,111.16
1224,2025-02-08,Demo Merchant 02,Food & Beverage,Pending,116.74
1225,2025-02-08,Demo Merchant 03,Books,Captured,106.49
1226,2025-02-08,Demo Merchant 03,Clothing,Captured,127.86
1227,2025-02-08,Demo Merchant 03,Electronics,Captured,130.93
1228,2025-02-08,Demo Merchant 03,Food & Beverage,Pending,111.35
1229,2025-02-08,Demo Merchant 04,Books,Captured,143.39
1230,2025-02-08,Demo Merchant 04,Clothing,Captured,143.49
1231,2025-02-08,Demo Merchant 04,Electronics,Captured,126.76
1232,2025-02-08,Demo Merchant 04,Food & Beverage,Pending,118.16
1233,2025-02-08,Demo Merchant 05,Books,Captured,132.24
1234,2025-02-08,Demo Merchant 05,Clothing,Captured,151.3
1235,2025-02-08,Demo Merchant 05,Electronics,Captured,154.91
1236,2025-02-08,Demo Merchant 05,Food & Beverage,Pending,138.11
1237,2025-02-08,Demo Merchant 06,Books,Captured,165.4
1238,2025-02-08,Demo Merchant 06,Clothing,Captured,173.56
1239,2025-02-08,Demo Merchant 06,Electronics,Captured,174.27
1240,2025-02-08,Demo Merchant 06,Food & Beverage,Pending,188.28
1241,2025-02-08,Demo Merchant 07,Books,Captured,199.15
1242,2025-02-08,Demo Merchant 07,Clothing,Captured,164.98
1243,2025-02-08,Demo Merchant 07,Electronics,Captured,205.25
1244,2025-02-08,Demo Merchant 07,Food & Beverage,Pending,172.04
1245,2025-02-08,Demo Merchant 08,Books,Captured,210.67
1246,2025-02-08,Demo Merchant 08,Clothing,Captured,196.02
1247,2025-02-08,Demo Merchant 08,Electronics,Captured,188.82
1248,2025-02-08,Demo Merchant 08,Food & Beverage,Pending,167.88
1249,2025-02-09,Demo Merchant 01,Books,Captured,87.43
1250,2025-02-09,Demo Merchant 01,Clothing,Captured,66.61
1251,2025-02-09,Demo Merchant 01,Electronics,Captured,104.51
1252,2025-02-09,Demo Merchant 01,Food & Beverage,Pending,112.75
1253,2025-02-09,Demo Merchant 02,Books,Captured,93.05
1254,2025-02-09,Demo Merchant 02,Clothing,Captured,109.53
1255,2025-02-09,Demo Merchant 02,Electronics,Captured,94.12
1256,2025-02-09,Demo Merchant 02,Food & Beverage,Pending,95.57
1257,2025-02-09,Demo Merchant 03,Books,Captured,131.62
1258,2025-02-09,Demo Merchant 03,Clothing,Captured,119.42
1259,2025-02-09,Demo Merchant 03,Electronics,Captured,146.09
1260,2025-02-09,Demo Merchant 03,Food & Beverage,Pending,112.77
1261,2025-02-09,Demo Merchant 04,Books,Captured,149.99
1262,2025-02-09,Demo Merchant 04,Clothing,Captured,136.46
1263,2025-02-09,Demo Merchant 04,Electronics,Captured,146.94
1264,2025-02-09,Demo Merchant 04,Food & Beverage,Pending,128.29
1265,2025-02-09,Demo Merchant 05,Books,Captured,149.26
1266,2025-02-09,Demo Merchant 05,Clothing,Captured,148.27
1267,2025-02-09,Demo Merchant 05,Electronics,Captured,137.46
1268,2025-02-09,Demo Merchant 05,Food & Beverage,Pending,159.93
1269,2025-02-09,Demo Merchant 06,Books,Captured,174.75
1270,2025-02-09,Demo Merchant 06,Clothing,Captured,173.9
1271,2025-02-09,Demo Merchant 06,Electronics,Captured,188.05
1272,2025-02-09,Demo Merchant 06,Food & Beverage,Pending,186.74
1273,2025-02-09,Demo Merchant 07,Books,Captured,174.38
1274,2025-02-09,Demo Merchant 07,Clothing,Captured,185.6
1275,2025-02-09,Demo Merchant 07,Electronics,Captured,170.65
1276,2025-02-09,Demo Merchant 07,Food & Beverage,Pending,180.35
1277,2025-02-09,Demo Merchant 08,Books,Captured,186.0
1278,2025-02-09,Demo Merchant 08,Clothing,Captured,219.3
1279,2025-02-09,Demo Merchant 08,Electronics,Captured,200.46
1280,2025-02-09,Demo Merchant 08,Food & Beverage,Pending,191.73
1281,2025-02-10,Demo Merchant 01,Books,Captured,107.9
1282,2025-02-10,Demo Merchant 01,Clothing,Captured,57.44
1283,2025-02-10,Demo Merchant 01,Electronics,Captured,59.79
1284,2025-02-10,Demo Merchant 01,Food & Beverage,Pending,101.94
1285,2025-02-10,Demo Merchant 02,Books,Captured,105.91
1286,2025-02-10,Demo Merchant 02,Clothing,Captured,108.76
1287,2025-02-10,Demo Merchant 02,Electronics,Captured,85.1
1288,2025-02-10,Demo Merchant 02,Food & Beverage,Pending,104.65
1289,2025-02-10,Demo Merchant 03,Books,Captured,150.05
1290,2025-02-10,Demo Merchant 03,Clothing,Captured,132.36
1291,2025-02-10,Demo Merchant 03,Electronics,Captured,122.55
1292,2025-02-10,Demo Merchant 03,Food & Beverage,Pending,113.41
1293,2025-02-10,Demo Merchant 04,Books,Captured,129.08
1294,2025-02-10,Demo Merchant 04,Clothing,Captured,103.06
1295,2025-02-10,Demo Merchant 04,Electronics,Captured,138.86
1296,2025-02-10,Demo Merchant 04,Food & Beverage,Pending,147.68
1297,2025-02-10,Demo Merchant 05,Books,Captured,126.37
1298,2025-02-10,Demo Merchant 05,Clothing,Captured,140.08
1299,2025-02-10,Demo Merchant 05,Electronics,Captured,132.64
1300,2025-02-10,Demo Merchant 05,Food & Beverage,Pending,135.52
1301,2025-02-10,Demo Merchant 06,Books,Captured,165.8
1302,2025-02-10,Demo Merchant 06,Clothing,Captured,133.73
1303,2025-02-10,Demo Merchant 06,Electronics,Captured,174.21
1304,2025-02-10,Demo Merchant 06,Food & Beverage,Pending,176.31
1305,2025-02-10,Demo Merchant 07,Books,Captured,176.23
1306,2025-02-10,Demo Merchant 07,Clothing,Captured,142.79
1307,2025-02-10,Demo Merchant 07,Electronics,Captured,165.05
1308,2025-02-10,Demo Merchant 07,Food & Beverage,Pending,198.49
1309,2025-02-10,Demo Merchant 08,Books,Captured,153.33
1310,2025-02-10,Demo Merchant 08,Clothing,Captured,189.79
1311,2025-02-10,Demo Merchant 08,Electronics,Captured,177.3
1312,2025-02-10,Demo Merchant 08,Food & Beverage,Pending,207.07
1313,2025-02-11,Demo Merchant 01,Books,Captured,79.87
1314,2025-02-11,Demo Merchant 01,Clothing,Captured,96.06
1315,2025-02-11,Demo Merchant 01,Electronics,Captured,98.48
1316,2025-02-11,Demo Merchant 01,Food & Beverage,Pending,117.54
1317,2025-02-11,Demo Merchant 02,Books,Captured,101.96
1318,2025-02-11,Demo Merchant 02,Clothing,Captured,110.64
1319,2025-02-11,Demo Merchant 02,Electronics,Captured,82.72
1320,2025-02-11,Demo Merchant 02,Food & Beverage,Pending,122.86
1321,2025-02-11,Demo Merchant 03,Books,Captured,108.59
1322,2025-02-11,Demo Merchant 03,Clothing,Captured,111.59
1323,2025-02-11,Demo Merchant 03,Electronics,Captured,119.67
1324,2025-02-11,Demo Merchant 03,Food & Beverage,Pending,96.56
1325,2025-02-11,Demo Merchant 04,Books,Captured,138.43
1326,2025-02-11,Demo Merchant 04,Clothing,Captured,149.51
1327,2025-02-11,Demo Merchant 04,Electronics,Captured,139.39
1328,2025-02-11,Demo Merchant 04,Food & Beverage,Pending,111.17
1329,2025-02-11,Demo Merchant 05,Books,Captured,148.14
1330,2025-02-11,Demo Merchant 05,Clothing,Captured,161.13
1331,2025-02-11,Demo Merchant 05,Electronics,Captured,121.83
1332,2025-02-11,Demo Merchant 05,Food & Beverage,Pending,133.88
1333,2025-02-11,Demo Merchant 06,Books,Captured,178.15
1334,2025-02-11,Demo Merchant 06,Clothing,Captured,169.05
1335,2025-02-11,Demo Merchant 06,Electronics,Captured,171.18
1336,2025-02-11,Demo Merchant 06,Food & Beverage,Pending,192.89
1337,2025-02-11,Demo Merchant 07,Books,Captured,187.03
1338,2025-02-11,Demo Merchant 07,Clothing,Captured,189.87
1339,2025-02-11,Demo Merchant 07,Electronics,Captured,220.66
1340,2025-02-11,Demo Merchant 07,Food & Beverage,Pending,176.79
1341,2025-02-11,Demo Merchant 08,Books,Captured,183.03
1342,2025-02-11,Demo Merchant 08,Clothing,Captured,201.42
1343,2025-02-11,Demo Merchant 08,Electronics,Captured,201.58
1344,2025-02-11,Demo Merchant 08,Food & Beverage,Pending,187.1
1345,2025-02-12,Demo Merchant 01,Books,Captured,74.51
1346,2025-02-12,Demo Merchant 01,Clothing,Captured,124.65
1347,2025-02-12,Demo Merchant 01,Electronics,Captured,94.9
1348,2025-02-12,Demo Merchant 01,Food & Beverage,Pending,79.02
1349,2025-02-12,Demo Merchant 02,Books,Captured,118.74
1350,2025-02-12,Demo Merchant 02,Clothing,Captured,103.36
1351,2025-02-12,Demo Merchant 02,Electronics,Captured,101.21
1352,2025-02-12,Demo Merchant 02,Food & Beverage,Pending,113.43
1353,2025-02-12,Demo Merchant 03,Books,Captured,100.62
1354,2025-02-12,Demo Merchant 03,Clothing,Captured,125.29
1355,2025-02-12,Demo Merchant 03,Electronics,Captured,148.69
1356,2025-02-12,Demo Merchant 03,Food & Beverage,Pending,126.99
1357,2025-02-12,Demo Merchant 04,Books,Captured,129.36
1358,2025-02-12,Demo Merchant 04,Clothing,Captured,127.39
1359,2025-02-12,Demo Merchant 04,Electronics,Captured,128.84
1360,2025-02-12,Demo Merchant 04,Food & Beverage,Pending,131.19
1361,2025-02-12,Demo Merchant 05,Books,Captured,144.33
1362,2025-02-12,Demo Merchant 05,Clothing,Captured,163.74
1363,2025-02-12,Demo Merchant 05,Electronics,Captured,124.0
1364,2025-02-12,Demo Merchant 05,Food & Beverage,Pending,162.93
1365,2025-02-12,Demo Merchant 06,Books,Captured,159.3
1366,2025-02-12,Demo Merchant 06,Clothing,Captured,170.65
1367,2025-02-12,Demo Merchant 06,Electronics,Captured,148.1
1368,2025-02-12,Demo Merchant 06,Food & Beverage,Pending,184.93
1369,2025-02-12,Demo Merchant 07,Books,Captured,198.68
1370,2025-02-12,Demo Merchant 07,Clothing,Captured,194.39
1371,2025-02-12,Demo Merchant 07,Electronics,Captured,157.28
1372,2025-02-12,Demo Merchant 07,Food & Beverage,Pending,192.44
1373,2025-02-12,Demo Merchant 08,Books,Captured,201.07
1374,2025-02-12,Demo Merchant 08,Clothing,Captured,170.92
1375,2025-02-12,Demo Merchant 08,Electronics,Captured,194.64
1376,2025-02-12,Demo Merchant 08,Food & Beverage,Pending,200.47
1377,2025-02-13,Demo Merchant 01,Books,Captured,98.34
1378,2025-02-13,Demo Merchant 01,Clothing,Captured,92.66
1379,2025-02-13,Demo Merchant 01,Electronics,Captured,94.37
1380,2025-02-13,Demo Merchant 01,Food & Beverage,Pending,112.1
1381,2025-02-13,Demo Merchant 02,Books,Captured,1.5
1382,2025-02-13,Demo Merchant 02,Clothing,Captured,1.5
1383,2025-02-13,Demo Merchant 02,Electronics,Captured,1.5
1384,2025-02-13,Demo Merchant 02,Food & Beverage,Pending,1.5
1385,2025-02-13,Demo Merchant 03,Books,Captured,93.72
1386,2025-02-13,Demo Merchant 03,Clothing,Captured,121.41
1387,2025-02-13,Demo Merchant 03,Electronics,Captured,138.73
1388,2025-02-13,Demo Merchant 03,Food & Beverage,Pending,103.7
1389,2025-02-13,Demo Merchant 04,Books,Captured,140.05
1390,2025-02-13,Demo Merchant 04,Clothing,Captured,121.26
1391,2025-02-13,Demo Merchant 04,Electronics,Captured,124.92
1392,2025-02-13,Demo Merchant 04,Food & Beverage,Pending,157.16
1393,2025-02-13,Demo Merchant 05,Books,Captured,141.86
1394,2025-02-13,Demo Merchant 05,Clothing,Captured,156.93
1395,2025-02-13,Demo Merchant 05,Electronics,Captured,121.93
1396,2025-02-13,Demo Merchant 05,Food & Beverage,Pending,177.93
1397,2025-02-13,Demo Merchant 06,Books,Captured,174.04
1398,2025-02-13,Demo Merchant 06,Clothing,Captured,162.26
1399,2025-02-13,Demo Merchant 06,Electronics,Captured,173.63
1400,2025-02-13,Demo Merchant 06,Food & Beverage,Pending,143.85
1401,2025-02-13,Demo Merchant 07,Books,Captured,197.74
1402,2025-02-13,Demo Merchant 07,Clothing,Captured,175.14
1403,2025-02-13,Demo Merchant 07,Electronics,Captured,176.94
1404,2025-02-13,Demo Merchant 07,Food & Beverage,Pending,172.63
1405,2025-02-13,Demo Merchant 08,Books,Captured,186.29
1406,2025-02-13,Demo Merchant 08,Clothing,Captured,205.42
1407,2025-02-13,Demo Merchant 08,Electronics,Captured,198.84
1408,2025-02-13,Demo Merchant 08,Food & Beverage,Pending,204.78
1409,2025-02-14,Demo Merchant 01,Books,Captured,89.87
1410,2025-02-14,Demo Merchant 01,Clothing,Captured,97.7
1411,2025-02-14,Demo Merchant 01,Electronics,Captured,83.72
1412,2025-02-14,Demo Merchant 01,Food & Beverage,Pending,123.45
1413,2025-02-14,Demo Merchant 02,Books,Captured,81.48
1414,2025-02-14,Demo Merchant 02,Clothing,Captured,123.91
1415,2025-02-14,Demo Merchant 02,Electronics,Captured,125.52
1416,2025-02-14,Demo Merchant 02,Food & Beverage,Pending,92.22
1417,2025-02-14,Demo Merchant 03,Books,Captured,153.44
1418,2025-02-14,Demo Merchant 03,Clothing,Captured,134.93
1419,2025-02-14,Demo Merchant 03,Electronics,Captured,134.57
1420,2025-02-14,Demo Merchant 03,Food & Beverage,Pending,120.42
1421,2025-02-14,Demo Merchant 04,Books,Captured,131.74
1422,2025-02-14,Demo Merchant 04,Clothing,Captured,131.86
1423,2025-02-14,Demo Merchant 04,Electronics,Captured,140.86
1424,2025-02-14,Demo Merchant 04,Food & Beverage,Pending,156.02
1425,2025-02-14,Demo Merchant 05,Books,Captured,152.72
1426,2025-02-14,Demo Merchant 05,Clothing,Captured,136.33
1427,2025-02-14,Demo Merchant 05,Electronics,Captured,162.37
1428,2025-02-14,Demo Merchant 05,Food & Beverage,Pending,163.82
1429,2025-02-14,Demo Merchant 06,Books,Captured,174.82
1430,2025-02-14,Demo Merchant 06,Clothing,Captured,176.18
1431,2025-02-14,Demo Merchant 06,Electronics,Captured,160.94
1432,2025-02-14,Demo Merchant 06,Food & Beverage,Pending,151.07
1433,2025-02-14,Demo Merchant 07,Books,Captured,166.98
1434,2025-02-14,Demo Merchant 07,Clothing,Captured,155.47
1435,2025-02-14,Demo Merchant 07,Electronics,Captured,183.55
1436,2025-02-14,Demo Merchant 07,Food & Beverage,Pending,178.75
1437,2025-02-14,Demo Merchant 08,Books,Captured,188.4
1438,2025-02-14,Demo Merchant 08,Clothing,Captured,150.67
1439,2025-02-14,Demo Merchant 08,Electronics,Captured,176.29
1440,2025-02-14,Demo Merchant 08,Food & Beverage,Pending,211.81
1441,2025-02-15,Demo Merchant 01,Books,Captured,80.03
1442,2025-02-15,Demo Merchant 01,Clothing,Captured,95.41
1443,2025-02-15,Demo Merchant 01,Electronics,Captured,69.14
1444,2025-02-15,Demo Merchant 01,Food & Beverage,Pending,111.58
1445,2025-02-15,Demo Merchant 02,Books,Captured,102.84
1446,2025-02-15,Demo Merchant 02,Clothing,Captured,109.35
1447,2025-02-15,Demo Merchant 02,Electronics,Captured,139.89
1448,2025-02-15,Demo Merchant 02,Food & Beverage,Pending,127.75
1449,2025-02-15,Demo Merchant 03,Books,Captured,115.4
1450,2025-02-15,Demo Merchant 03,Clothing,Captured,111.1
1451,2025-02-15,Demo Merchant 03,Electronics,Captured,115.12
1452,2025-02-15,Demo Merchant 03,Food & Beverage,Pending,127.65
1453,2025-02-15,Demo Merchant 04,Books,Captured,133.42
1454,2025-02-15,Demo Merchant 04,Clothing,Captured,129.07
1455,2025-02-15,Demo Merchant 04,Electronics,Captured,157.01
1456,2025-02-15,Demo Merchant 04,Food & Beverage,Pending,133.29
1457,2025-02-15,Demo Merchant 05,Books,Captured,184.49
1458,2025-02-15,Demo Merchant 05,Clothing,Captured,151.36
1459,2025-02-15,Demo Merchant 05,Electronics,Captured,176.78
1460,2025-02-15,Demo Merchant 05,Food & Beverage,Pending,155.36
1461,2025-02-15,Demo Merchant 06,Books,Captured,179.44
1462,2025-02-15,Demo Merchant 06,Clothing,Captured,154.13
1463,2025-02-15,Demo Merchant 06,Electronics,Captured,152.19
1464,2025-02-15,Demo Merchant 06,Food & Beverage,Pending,171.9
1465,2025-02-15,Demo Merchant 07,Books,Captured,194.83
1466,2025-02-15,Demo Merchant 07,Clothing,Captured,180.6
1467,2025-02-15,Demo Merchant 07,Electronics,Captured,160.7
1468,2025-02-15,Demo Merchant 07,Food & Beverage,Pending,159.6
1469,2025-02-15,Demo Merchant 08,Books,Captured,173.59
1470,2025-02-15,Demo Merchant 08,Clothing,Captured,168.49
1471,2025-02-15,Demo Merchant 08,Electronics,Captured,196.64
1472,2025-02-15,Demo Merchant 08,Food & Beverage,Pending,211.88
1473,2025-02-16,Demo Merchant 01,Books,Captured,89.8
1474,2025-02-16,Demo Merchant 01,Clothing,Captured,56.09
1475,2025-02-16,Demo Merchant 01,Electronics,Captured,87.14
1476,2025-02-16,Demo Merchant 01,Food & Beverage,Pending,87.56
1477,2025-02-16,Demo Merchant 02,Books,Captured,136.44
1478,2025-02-16,Demo Merchant 02,Clothing,Captured,83.14
1479,2025-02-16,Demo Merchant 02,Electronics,Captured,99.14
1480,2025-02-16,Demo Merchant 02,Food & Beverage,Pending,130.59
1481,2025-02-16,Demo Merchant 03,Books,Captured,126.75
1482,2025-02-16,Demo Merchant 03,Clothing,Captured,128.45
1483,2025-02-16,Demo Merchant 03,Electronics,Captured,121.72
1484,2025-02-16,Demo Merchant 03,Food & Beverage,Pending,124.95
1485,2025-02-16,Demo Merchant 04,Books,Captured,146.66
1486,2025-02-16,Demo Merchant 04,Clothing,Captured,122.86
1487,2025-02-16,Demo Merchant 04,Electronics,Captured,148.17
1488,2025-02-16,Demo Merchant 04,Food & Beverage,Pending,114.4
1489,2025-02-16,Demo Merchant 05,Books,Captured,154.93
1490,2025-02-16,Demo Merchant 05,Clothing,Captured,152.68
1491,2025-02-16,Demo Merchant 05,Electronics,Captured,140.76
1492,2025-02-16,Demo Merchant 05,Food & Beverage,Pending,149.66
1493,2025-02-16,Demo Merchant 06,Books,Captured,155.66
1494,2025-02-16,Demo Merchant 06,Clothing,Captured,148.92
1495,2025-02-16,Demo Merchant 06,Electronics,Captured,159.7
1496,2025-02-16,Demo Merchant 06,Food & Beverage,Pending,148.44
1497,2025-02-16,Demo Merchant 07,Books,Captured,184.84
1498,2025-02-16,Demo Merchant 07,Clothing,Captured,162.75
1499,2025-02-16,Demo Merchant 07,Electronics,Captured,190.68
1500,2025-02-16,Demo Merchant 07,Food & Beverage,Pending,162.28
1501,2025-02-16,Demo Merchant 08,Books,Captured,186.51
1502,2025-02-16,Demo Merchant 08,Clothing,Captured,185.63
1503,2025-02-16,Demo Merchant 08,Electronics,Captured,214.88
1504,2025-02-16,Demo Merchant 08,Food & Beverage,Pending,199.95
1505,2025-02-17,Demo Merchant 01,Books,Captured,86.82
1506,2025-02-17,Demo Merchant 01,Clothing,Captured,97.48
1507,2025-02-17,Demo Merchant 01,Electronics,Captured,58.39
1508,2025-02-17,Demo Merchant 01,Food & Beverage,Pending,89.35
1509,2025-02-17,Demo Merchant 02,Books,Captured,134.96
1510,2025-02-17,Demo Merchant 02,Clothing,Captured,106.99
1511,2025-02-17,Demo Merchant 02,Electronics,Captured,106.02
1512,2025-02-17,Demo Merchant 02,Food & Beverage,Pending,113.22
1513,2025-02-17,Demo Merchant 03,Books,Captured,133.43
1514,2025-02-17,Demo Merchant 03,Clothing,Captured,90.04
1515,2025-02-17,Demo Merchant 03,Electronics,Captured,94.77
1516,2025-02-17,Demo Merchant 03,Food & Beverage,Pending,123.15
1517,2025-02-17,Demo Merchant 04,Books,Captured,124.28
1518,2025-02-17,Demo Merchant 04,Clothing,Captured,154.68
1519,2025-02-17,Demo Merchant 04,Electronics,Captured,130.27
1520,2025-02-17,Demo Merchant 04,Food & Beverage,Pending,105.98
1521,2025-02-17,Demo Merchant 05,Books,Captured,130.98
1522,2025-02-17,Demo Merchant 05,Clothing,Captured,108.75
1523,2025-02-17,Demo Merchant 05,Electronics,Captured,146.49
1524,2025-02-17,Demo Merchant 05,Food & Beverage,Pending,147.17
1525,2025-02-17,Demo Merchant 06,Books,Captured,158.63
1526,2025-02-17,Demo Merchant 06,Clothing,Captured,181.18
1527,2025-02-17,Demo Merchant 06,Electronics,Captured,182.98
1528,2025-02-17,Demo Merchant 06,Food & Beverage,Pending,162.44
1529,2025-02-17,Demo Merchant 07,Books,Captured,147.98
1530,2025-02-17,Demo Merchant 07,Clothing,Captured,189.26
1531,2025-02-17,Demo Merchant 07,Electronics,Captured,188.33
1532,2025-02-17,Demo Merchant 07,Food & Beverage,Pending,184.64
1533,2025-02-17,Demo Merchant 08,Books,Captured,209.72
1534,2025-02-17,Demo Merchant 08,Clothing,Captured,177.53
1535,2025-02-17,Demo Merchant 08,Electronics,Captured,225.13
1536,2025-02-17,Demo Merchant 08,Food & Beverage,Pending,180.61
1537,2025-02-18,Demo Merchant 01,Books,Captured,101.24
1538,2025-02-18,Demo Merchant 01,Clothing,Captured,64.69
1539,2025-02-18,Demo Merchant 01,Electronics,Captured,76.05
1540,2025-02-18,Demo Merchant 01,Food & Beverage,Pending,112.75
1541,2025-02-18,Demo Merchant 02,Books,Captured,101.09
1542,2025-02-18,Demo Merchant 02,Clothing,Captured,117.6
1543,2025-02-18,Demo Merchant 02,Electronics,Captured,108.55
1544,2025-02-18,Demo Merchant 02,Food & Beverage,Pending,103.43
1545,2025-02-18,Demo Merchant 03,Books,Captured,140.46
1546,2025-02-18,Demo Merchant 03,Clothing,Captured,116.45
1547,2025-02-18,Demo Merchant 03,Electronics,Captured,93.29
1548,2025-02-18,Demo Merchant 03,Food & Beverage,Pending,107.95
1549,2025-02-18,Demo Merchant 04,Books,Captured,143.27
1550,2025-02-18,Demo Merchant 04,Clothing,Captured,140.93
1551,2025-02-18,Demo Merchant 04,Electronics,Captured,111.49
1552,2025-02-18,Demo Merchant 04,Food & Beverage,Pending,124.13
1553,2025-02-18,Demo Merchant 05,Books,Captured,141.27
1554,2025-02-18,Demo Merchant 05,Clothing,Captured,144.52
1555,2025-02-18,Demo Merchant 05,Electronics,Captured,129.36
1556,2025-02-18,Demo Merchant 05,Food & Beverage,Pending,140.57
1557,2025-02-18,Demo Merchant 06,Books,Captured,154.07
1558,2025-02-18,Demo Merchant 06,Clothing,Captured,176.57
1559,2025-02-18,Demo Merchant 06,Electronics,Captured,177.14
1560,2025-02-18,Demo Merchant 06,Food & Beverage,Pending,162.81
1561,2025-02-18,Demo Merchant 07,Books,Captured,174.12
1562,2025-02-18,Demo Merchant 07,Clothing,Captured,182.1
1563,2025-02-18,Demo Merchant 07,Electronics,Captured,167.75
1564,2025-02-18,Demo Merchant 07,Food & Beverage,Pending,162.8
1565,2025-02-18,Demo Merchant 08,Books,Captured,180.9
1566,2025-02-18,Demo Merchant 08,Clothing,Captured,185.48
1567,2025-02-18,Demo Merchant 08,Electronics,Captured,177.55
1568,2025-02-18,Demo Merchant 08,Food & Beverage,Pending,197.43
1569,2025-02-19,Demo Merchant 01,Books,Captured,100.95
1570,2025-02-19,Demo Merchant 01,Clothing,Captured,66.19
1571,2025-02-19,Demo Merchant 01,Electronics,Captured,90.38
1572,2025-02-19,Demo Merchant 01,Food & Beverage,Pending,86.7
1573,2025-02-19,Demo Merchant 02,Books,Captured,110.12
1574,2025-02-19,Demo Merchant 02,Clothing,Captured,104.81
1575,2025-02-19,Demo Merchant 02,Electronics,Captured,83.2
1576,2025-02-19,Demo Merchant 02,Food & Beverage,Pending,86.06
1577,2025-02-19,Demo Merchant 03,Books,Captured,120.44
1578,2025-02-19,Demo Merchant 03,Clothing,Captured,135.43
1579,2025-02-19,Demo Merchant 03,Electronics,Captured,86.79
1580,2025-02-19,Demo Merchant 03,Food & Beverage,Pending,125.19
1581,2025-02-19,Demo Merchant 04,Books,Captured,152.84
1582,2025-02-19,Demo Merchant 04,Clothing,Captured,132.7
1583,2025-02-19,Demo Merchant 04,Electronics,Captured,143.25
1584,2025-02-19,Demo Merchant 04,Food & Beverage,Pending,124.45
1585,2025-02-19,Demo Merchant 05,Books,Captured,148.21
1586,2025-02-19,Demo Merchant 05,Clothing,Captured,125.69
1587,2025-02-19,Demo Merchant 05,Electronics,Captured,114.83
1588,2025-02-19,Demo Merchant 05,Food & Beverage,Pending,164.14
1589,2025-02-19,Demo Merchant 06,Books,Captured,150.23
1590,2025-02-19,Demo Merchant 06,Clothing,Captured,158.17
1591,2025-02-19,Demo Merchant 06,Electronics,Captured,144.2
1592,2025-02-19,Demo Merchant 06,Food & Beverage,Pending,143.85
1593,2025-02-19,Demo Merchant 07,Books,Captured,177.39
1594,2025-02-19,Demo Merchant 07,Clothing,Captured,169.06
1595,2025-02-19,Demo Merchant 07,Electronics,Captured,185.67
1596,2025-02-19,Demo Merchant 07,Food & Beverage,Pending,186.79
1597,2025-02-19,Demo Merchant 08,Books,Captured,199.81
1598,2025-02-19,Demo Merchant 08,Clothing,Captured,198.58
1599,2025-02-19,Demo Merchant 08,Electronics,Captured,218.67
1600,2025-02-19,Demo Merchant 08,Food & Beverage,Pending,178.99
1601,2025-02-20,Demo Merchant 01,Books,Captured,89.18
1602,2025-02-20,Demo Merchant 01,Clothing,Captured,106.99
1603,2025-02-20,Demo Merchant 01,Electronics,Captured,108.97
1604,2025-02-20,Demo Merchant 01,Food & Beverage,Pending,68.67
1605,2025-02-20,Demo Merchant 02,Books,Captured,100.31
1606,2025-02-20,Demo Merchant 02,Clothing,Captured,125.37
1607,2025-02-20,Demo Merchant 02,Electronics,Captured,112.62
1608,2025-02-20,Demo Merchant 02,Food & Beverage,Pending,107.93
1609,2025-02-20,Demo Merchant 03,Books,Captured,116.73
1610,2025-02-20,Demo Merchant 03,Clothing,Captured,114.24
1611,2025-02-20,Demo Merchant 03,Electronics,Captured,124.32
1612,2025-02-20,Demo Merchant 03,Food & Beverage,Pending,116.21
1613,2025-02-20,Demo Merchant 04,Books,Captured,134.36
1614,2025-02-20,Demo Merchant 04,Clothing,Captured,136.18
1615,2025-02-20,Demo Merchant 04,Electronics,Captured,124.83
1616,2025-02-20,Demo Merchant 04,Food & Beverage,Pending,142.98
1617,2025-02-20,Demo Merchant 05,Books,Captured,600.0
1618,2025-02-20,Demo Merchant 05,Clothing,Captured,600.0
1619,2025-02-20,Demo Merchant 05,Electronics,Captured,600.0
1620,2025-02-20,Demo Merchant 05,Food & Beverage,Pending,600.0
1621,2025-02-20,Demo Merchant 06,Books,Captured,173.66
1622,2025-02-20,Demo Merchant 06,Clothing,Captured,165.7
1623,2025-02-20,Demo Merchant 06,Electronics,Captured,176.43
1624,2025-02-20,Demo Merchant 06,Food & Beverage,Pending,182.63
1625,2025-02-20,Demo Merchant 07,Books,Captured,182.89
1626,2025-02-20,Demo Merchant 07,Clothing,Captured,196.98
1627,2025-02-20,Demo Merchant 07,Electronics,Captured,144.84
1628,2025-02-20,Demo Merchant 07,Food & Beverage,Pending,203.86
1629,2025-02-20,Demo Merchant 08,Books,Captured,200.63
1630,2025-02-20,Demo Merchant 08,Clothing,Captured,211.17
1631,2025-02-20,Demo Merchant 08,Electronics,Captured,176.7
1632,2025-02-20,Demo Merchant 08,Food & Beverage,Pending,182.54
1633,2025-02-21,Demo Merchant 01,Books,Captured,92.19
1634,2025-02-21,Demo Merchant 01,Clothing,Captured,89.74
1635,2025-02-21,Demo Merchant 01,Electronics,Captured,94.25
1636,2025-02-21,Demo Merchant 01,Food & Beverage,Pending,106.27
1637,2025-02-21,Demo Merchant 02,Books,Captured,78.52
1638,2025-02-21,Demo Merchant 02,Clothing,Captured,119.61
1639,2025-02-21,Demo Merchant 02,Electronics,Captured,105.12
1640,2025-02-21,Demo Merchant 02,Food & Beverage,Pending,101.94
1641,2025-02-21,Demo Merchant 03,Books,Captured,97.93
1642,2025-02-21,Demo Merchant 03,Clothing,Captured,127.55
1643,2025-02-21,Demo Merchant 03,Electronics,Captured,83.79
1644,2025-02-21,Demo Merchant 03,Food & Beverage,Pending,129.73
1645,2025-02-21,Demo Merchant 04,Books,Captured,112.62
1646,2025-02-21,Demo Merchant 04,Clothing,Captured,135.8
1647,2025-02-21,Demo Merchant 04,Electronics,Captured,133.21
1648,2025-02-21,Demo Merchant 04,Food & Beverage,Pending,152.54
1649,2025-02-21,Demo Merchant 05,Books,Captured,147.32
1650,2025-02-21,Demo Merchant 05,Clothing,Captured,139.59
1651,2025-02-21,Demo Merchant 05,Electronics,Captured,142.4
1652,2025-02-21,Demo Merchant 05,Food & Beverage,Pending,169.09
1653,2025-02-21,Demo Merchant 06,Books,Captured,173.04
1654,2025-02-21,Demo Merchant 06,Clothing,Captured,159.22
1655,2025-02-21,Demo Merchant 06,Electronics,Captured,161.45
1656,2025-02-21,Demo Merchant 06,Food & Beverage,Pending,141.49
1657,2025-02-21,Demo Merchant 07,Books,Captured,185.83
1658,2025-02-21,Demo Merchant 07,Clothing,Captured,153.6
1659,2025-02-21,Demo Merchant 07,Electronics,Captured,191.28
1660,2025-02-21,Demo Merchant 07,Food & Beverage,Pending,181.93
1661,2025-02-21,Demo Merchant 08,Books,Captured,230.8
1662,2025-02-21,Demo Merchant 08,Clothing,Captured,178.5
1663,2025-02-21,Demo Merchant 08,Electronics,Captured,193.46
1664,2025-02-21,Demo Merchant 08,Food & Beverage,Pending,221.97
1665,2025-02-22,Demo Merchant 01,Books,Captured,107.87
1666,2025-02-22,Demo Merchant 01,Clothing,Captured,79.56
1667,2025-02-22,Demo Merchant 01,Electronics,Captured,93.36
1668,2025-02-22,Demo Merchant 01,Food & Beverage,Pending,90.03
1669,2025-02-22,Demo Merchant 02,Books,Captured,109.23
1670,2025-02-22,Demo Merchant 02,Clothing,Captured,94.52
1671,2025-02-22,Demo Merchant 02,Electronics,Captured,103.66
1672,2025-02-22,Demo Merchant 02,Food & Beverage,Pending,81.03
1673,2025-02-22,Demo Merchant 03,Books,Captured,122.03
1674,2025-02-22,Demo Merchant 03,Clothing,Captured,126.75
1675,2025-02-22,Demo Merchant 03,Electronics,Captured,116.59
1676,2025-02-22,Demo Merchant 03,Food & Beverage,Pending,95.77
1677,2025-02-22,Demo Merchant 04,Books,Captured,149.83
1678,2025-02-22,Demo Merchant 04,Clothing,Captured,140.47
1679,2025-02-22,Demo Merchant 04,Electronics,Captured,124.11
1680,2025-02-22,Demo Merchant 04,Food & Beverage,Pending,130.79
1681,2025-02-22,Demo Merchant 05,Books,Captured,127.49
1682,2025-02-22,Demo Merchant 05,Clothing,Captured,134.62
1683,2025-02-22,Demo Merchant 05,Electronics,Captured,141.93
1684,2025-02-22,Demo Merchant 05,Food & Beverage,Pending,168.43
1685,2025-02-22,Demo Merchant 06,Books,Captured,155.41
1686,2025-02-22,Demo Merchant 06,Clothing,Captured,174.6
1687,2025-02-22,Demo Merchant 06,Electronics,Captured,156.93
1688,2025-02-22,Demo Merchant 06,Food & Beverage,Pending,168.72
1689,2025-02-22,Demo Merchant 07,Books,Captured,177.88
1690,2025-02-22,Demo Merchant 07,Clothing,Captured,193.1
1691,2025-02-22,Demo Merchant 07,Electronics,Captured,171.98
1692,2025-02-22,Demo Merchant 07,Food & Beverage,Pending,156.41
1693,2025-02-22,Demo Merchant 08,Books,Captured,174.27
1694,2025-02-22,Demo Merchant 08,Clothing,Captured,187.02
1695,2025-02-22,Demo Merchant 08,Electronics,Captured,176.26
1696,2025-02-22,Demo Merchant 08,Food & Beverage,Pending,201.15
1697,2025-02-23,Demo Merchant 01,Books,Captured,83.01
1698,2025-02-23,Demo Merchant 01,Clothing,Captured,125.62
1699,2025-02-23,Demo Merchant 01,Electronics,Captured,63.93
1700,2025-02-23,Demo Merchant 01,Food & Beverage,Pending,93.05
1701,2025-02-23,Demo Merchant 02,Books,Captured,88.08
1702,2025-02-23,Demo Merchant 02,Clothing,Captured,97.6
1703,2025-02-23,Demo Merchant 02,Electronics,Captured,107.12
1704,2025-02-23,Demo Merchant 02,Food & Beverage,Pending,70.12
1705,2025-02-23,Demo Merchant 03,Books,Captured,123.55
1706,2025-02-23,Demo Merchant 03,Clothing,Captured,148.54
1707,2025-02-23,Demo Merchant 03,Electronics,Captured,113.2
1708,2025-02-23,Demo Merchant 03,Food & Beverage,Pending,123.9
1709,2025-02-23,Demo Merchant 04,Books,Captured,150.37
1710,2025-02-23,Demo Merchant 04,Clothing,Captured,132.54
1711,2025-02-23,Demo Merchant 04,Electronics,Captured,126.29
1712,2025-02-23,Demo Merchant 04,Food & Beverage,Pending,100.86
1713,2025-02-23,Demo Merchant 05,Books,Captured,159.61
1714,2025-02-23,Demo Merchant 05,Clothing,Captured,148.3
1715,2025-02-23,Demo Merchant 05,Electronics,Captured,134.81
1716,2025-02-23,Demo Merchant 05,Food & Beverage,Pending,151.9
1717,2025-02-23,Demo Merchant 06,Books,Captured,156.24
1718,2025-02-23,Demo Merchant 06,Clothing,Captured,157.07
1719,2025-02-23,Demo Merchant 06,Electronics,Captured,174.09
1720,2025-02-23,Demo Merchant 06,Food & Beverage,Pending,144.92
1721,2025-02-23,Demo Merchant 07,Books,Captured,195.71
1722,2025-02-23,Demo Merchant 07,Clothing,Captured,159.03
1723,2025-02-23,Demo Merchant 07,Electronics,Captured,170.06
1724,2025-02-23,Demo Merchant 07,Food & Beverage,Pending,208.84
1725,2025-02-23,Demo Merchant 08,Books,Captured,211.91
1726,2025-02-23,Demo Merchant 08,Clothing,Captured,196.46
1727,2025-02-23,Demo Merchant 08,Electronics,Captured,180.89
1728,2025-02-23,Demo Merchant 08,Food & Beverage,Pending,187.06
1729,2025-02-24,Demo Merchant 01,Books,Captured,91.1
1730,2025-02-24,Demo Merchant 01,Clothing,Captured,90.56
1731,2025-02-24,Demo Merchant 01,Electronics,Captured,88.64
1732,2025-02-24,Demo Merchant 01,Food & Beverage,Pending,89.54
1733,2025-02-24,Demo Merchant 02,Books,Captured,101.78
1734,2025-02-24,Demo Merchant 02,Clothing,Captured,83.37
1735,2025-02-24,Demo Merchant 02,Electronics,Captured,97.25
1736,2025-02-24,Demo Merchant 02,Food & Beverage,Pending,118.72
1737,2025-02-24,Demo Merchant 03,Books,Captured,99.47
1738,2025-02-24,Demo Merchant 03,Clothing,Captured,117.16
1739,2025-02-24,Demo Merchant 03,Electronics,Captured,107.7
1740,2025-02-24,Demo Merchant 03,Food & Beverage,Pending,121.67
1741,2025-02-24,Demo Merchant 04,Books,Captured,129.17
1742,2025-02-24,Demo Merchant 04,Clothing,Captured,157.16
1743,2025-02-24,Demo Merchant 04,Electronics,Captured,142.6
1744,2025-02-24,Demo Merchant 04,Food & Beverage,Pending,115.32
1745,2025-02-24,Demo Merchant 05,Books,Captured,160.07
1746,2025-02-24,Demo Merchant 05,Clothing,Captured,138.38
1747,2025-02-24,Demo Merchant 05,Electronics,Captured,141.35
1748,2025-02-24,Demo Merchant 05,Food & Beverage,Pending,154.71
1749,2025-02-24,Demo Merchant 06,Books,Captured,157.62
1750,2025-02-24,Demo Merchant 06,Clothing,Captured,178.39
1751,2025-02-24,Demo Merchant 06,Electronics,Captured,153.38
1752,2025-02-24,Demo Merchant 06,Food & Beverage,Pending,155.72
1753,2025-02-24,Demo Merchant 07,Books,Captured,170.15
1754,2025-02-24,Demo Merchant 07,Clothing,Captured,171.52
1755,2025-02-24,Demo Merchant 07,Electronics,Captured,196.49
1756,2025-02-24,Demo Merchant 07,Food & Beverage,Pending,189.43
1757,2025-02-24,Demo Merchant 08,Books,Captured,220.65
1758,2025-02-24,Demo Merchant 08,Clothing,Captured,229.01
1759,2025-02-24,Demo Merchant 08,Electronics,Captured,179.54
1760,2025-02-24,Demo Merchant 08,Food & Beverage,Pending,196.06
1761,2025-02-25,Demo Merchant 01,Books,Captured,72.36
1762,2025-02-25,Demo Merchant 01,Clothing,Captured,78.34
1763,2025-02-25,Demo Merchant 01,Electronics,Captured,80.55
1764,2025-02-25,Demo Merchant 01,Food & Beverage,Pending,74.14
1765,2025-02-25,Demo Merchant 02,Books,Captured,89.22
1766,2025-02-25,Demo Merchant 02,Clothing,Captured,102.84
1767,2025-02-25,Demo Merchant 02,Electronics,Captured,86.75
1768,2025-02-25,Demo Merchant 02,Food & Beverage,Pending,117.63
1769,2025-02-25,Demo Merchant 03,Books,Captured,106.23
1770,2025-02-25,Demo Merchant 03,Clothing,Captured,162.14
1771,2025-02-25,Demo Merchant 03,Electronics,Captured,113.23
1772,2025-02-25,Demo Merchant 03,Food & Beverage,Pending,121.08
1773,2025-02-25,Demo Merchant 04,Books,Captured,115.57
1774,2025-02-25,Demo Merchant 04,Clothing,Captured,160.59
1775,2025-02-25,Demo Merchant 04,Electronics,Captured,151.79
1776,2025-02-25,Demo Merchant 04,Food & Beverage,Pending,139.45
1777,2025-02-25,Demo Merchant 05,Books,Captured,129.8
1778,2025-02-25,Demo Merchant 05,Clothing,Captured,153.16
1779,2025-02-25,Demo Merchant 05,Electronics,Captured,133.18
1780,2025-02-25,Demo Merchant 05,Food & Beverage,Pending,171.94
1781,2025-02-25,Demo Merchant 06,Books,Captured,177.14
1782,2025-02-25,Demo Merchant 06,Clothing,Captured,166.43
1783,2025-02-25,Demo Merchant 06,Electronics,Captured,128.45
1784,2025-02-25,Demo Merchant 06,Food & Beverage,Pending,150.25
1785,2025-02-25,Demo Merchant 07,Books,Captured,190.32
1786,2025-02-25,Demo Merchant 07,Clothing,Captured,198.19
1787,2025-02-25,Demo Merchant 07,Electronics,Captured,196.64
1788,2025-02-25,Demo Merchant 07,Food & Beverage,Pending,156.12
1789,2025-02-25,Demo Merchant 08,Books,Captured,199.52
1790,2025-02-25,Demo Merchant 08,Clothing,Captured,210.23
1791,2025-02-25,Demo Merchant 08,Electronics,Captured,170.12
1792,2025-02-25,Demo Merchant 08,Food & Beverage,Pending,194.88
1793,2025-02-26,Demo Merchant 01,Books,Captured,94.11
1794,2025-02-26,Demo Merchant 01,Clothing,Captured,85.49
1795,2025-02-26,Demo Merchant 01,Electronics,Captured,62.22
1796,2025-02-26,Demo Merchant 01,Food & Beverage,Pending,85.11
1797,2025-02-26,Demo Merchant 02,Books,Captured,100.09
1798,2025-02-26,Demo Merchant 02,Clothing,Captured,102.78
1799,2025-02-26,Demo Merchant 02,Electronics,Captured,96.55
1800,2025-02-26,Demo Merchant 02,Food & Beverage,Pending,98.35
1801,2025-02-26,Demo Merchant 03,Books,Captured,119.4
1802,2025-02-26,Demo Merchant 03,Clothing,Captured,126.64
1803,2025-02-26,Demo Merchant 03,Electronics,Captured,115.43
1804,2025-02-26,Demo Merchant 03,Food & Beverage,Pending,113.86
1805,2025-02-26,Demo Merchant 04,Books,Captured,136.39
1806,2025-02-26,Demo Merchant 04,Clothing,Captured,106.19
1807,2025-02-26,Demo Merchant 04,Electronics,Captured,142.16
1808,2025-02-26,Demo Merchant 04,Food & Beverage,Pending,134.99
1809,2025-02-26,Demo Merchant 05,Books,Captured,150.6
1810,2025-02-26,Demo Merchant 05,Clothing,Captured,164.41
1811,2025-02-26,Demo Merchant 05,Electronics,Captured,120.71
1812,2025-02-26,Demo Merchant 05,Food & Beverage,Pending,120.39
1813,2025-02-26,Demo Merchant 06,Books,Captured,169.11
1814,2025-02-26,Demo Merchant 06,Clothing,Captured,164.89
1815,2025-02-26,Demo Merchant 06,Electronics,Captured,167.55
1816,2025-02-26,Demo Merchant 06,Food & Beverage,Pending,158.07
1817,2025-02-26,Demo Merchant 07,Books,Captured,189.97
1818,2025-02-26,Demo Merchant 07,Clothing,Captured,193.99
1819,2025-02-26,Demo Merchant 07,Electronics,Captured,187.26
1820,2025-02-26,Demo Merchant 07,Food & Beverage,Pending,176.09
1821,2025-02-26,Demo Merchant 08,Books,Captured,163.38
1822,2025-02-26,Demo Merchant 08,Clothing,Captured,206.54
1823,2025-02-26,Demo Merchant 08,Electronics,Captured,213.33
1824,2025-02-26,Demo Merchant 08,Food & Beverage,Pending,204.67
1825,2025-02-27,Demo Merchant 01,Books,Captured,76.81
1826,2025-02-27,Demo Merchant 01,Clothing,Captured,100.11
1827,2025-02-27,Demo Merchant 01,Electronics,Captured,102.91
1828,2025-02-27,Demo Merchant 01,Food & Beverage,Pending,113.38
1829,2025-02-27,Demo Merchant 02,Books,Captured,91.86
1830,2025-02-27,Demo Merchant 02,Clothing,Captured,101.6
1831,2025-02-27,Demo Merchant 02,Electronics,Captured,116.21
1832,2025-02-27,Demo Merchant 02,Food & Beverage,Pending,105.86
1833,2025-02-27,Demo Merchant 03,Books,Captured,103.24
1834,2025-02-27,Demo Merchant 03,Clothing,Captured,126.22
1835,2025-02-27,Demo Merchant 03,Electronics,Captured,128.68
1836,2025-02-27,Demo Merchant 03,Food & Beverage,Pending,121.32
1837,2025-02-27,Demo Merchant 04,Books,Captured,138.29
1838,2025-02-27,Demo Merchant 04,Clothing,Captured,131.12
1839,2025-02-27,Demo Merchant 04,Electronics,Captured,157.17
1840,2025-02-27,Demo Merchant 04,Food & Beverage,Pending,121.49
1841,2025-02-27,Demo Merchant 05,Books,Captured,141.19
1842,2025-02-27,Demo Merchant 05,Clothing,Captured,150.16
1843,2025-02-27,Demo Merchant 05,Electronics,Captured,163.18
1844,2025-02-27,Demo Merchant 05,Food & Beverage,Pending,127.54
1845,2025-02-27,Demo Merchant 06,Books,Captured,145.35
1846,2025-02-27,Demo Merchant 06,Clothing,Captured,134.43
1847,2025-02-27,Demo Merchant 06,Electronics,Captured,165.49
1848,2025-02-27,Demo Merchant 06,Food & Beverage,Pending,148.23
1849,2025-02-27,Demo Merchant 07,Books,Captured,174.23
1850,2025-02-27,Demo Merchant 07,Clothing,Captured,189.92
1851,2025-02-27,Demo Merchant 07,Electronics,Captured,170.38
1852,2025-02-27,Demo Merchant 07,Food & Beverage,Pending,183.47
1853,2025-02-27,Demo Merchant 08,Books,Captured,190.51
1854,2025-02-27,Demo Merchant 08,Clothing,Captured,205.08
1855,2025-02-27,Demo Merchant 08,Electronics,Captured,202.13
1856,2025-02-27,Demo Merchant 08,Food & Beverage,Pending,184.62
1857,2025-02-28,Demo Merchant 01,Books,Captured,87.47
1858,2025-02-28,Demo Merchant 01,Clothing,Captured,105.66
1859,2025-02-28,Demo Merchant 01,Electronics,Captured,95.9
1860,2025-02-28,Demo Merchant 01,Food & Beverage,Pending,69.05
1861,2025-02-28,Demo Merchant 02,Books,Captured,114.83
1862,2025-02-28,Demo Merchant 02,Clothing,Captured,88.73
1863,2025-02-28,Demo Merchant 02,Electronics,Captured,126.19
1864,2025-02-28,Demo Merchant 02,Food & Beverage,Pending,120.36
1865,2025-02-28,Demo Merchant 03,Books,Captured,124.35
1866,2025-02-28,Demo Merchant 03,Clothing,Captured,122.36
1867,2025-02-28,Demo Merchant 03,Electronics,Captured,116.86
1868,2025-02-28,Demo Merchant 03,Food & Beverage,Pending,130.18
1869,2025-02-28,Demo Merchant 04,Books,Captured,129.44
1870,2025-02-28,Demo Merchant 04,Clothing,Captured,138.53
1871,2025-02-28,Demo Merchant 04,Electronics,Captured,148.08
1872,2025-02-28,Demo Merchant 04,Food & Beverage,Pending,126.57
1873,2025-02-28,Demo Merchant 05,Books,Captured,140.76
1874,2025-02-28,Demo Merchant 05,Clothing,Captured,132.08
1875,2025-02-28,Demo Merchant 05,Electronics,Captured,134.03
1876,2025-02-28,Demo Merchant 05,Food & Beverage,Pending,122.57
1877,2025-02-28,Demo Merchant 06,Books,Captured,175.95
1878,2025-02-28,Demo Merchant 06,Clothing,Captured,192.13
1879,2025-02-28,Demo Merchant 06,Electronics,Captured,186.38
1880,2025-02-28,Demo Merchant 06,Food & Beverage,Pending,140.61
1881,2025-02-28,Demo Merchant 07,Books,Captured,190.87
1882,2025-02-28,Demo Merchant 07,Clothing,Captured,201.33
1883,2025-02-28,Demo Merchant 07,Electronics,Captured,173.15
1884,2025-02-28,Demo Merchant 07,Food & Beverage,Pending,181.52
1885,2025-02-28,Demo Merchant 08,Books,Captured,164.88
1886,2025-02-28,Demo Merchant 08,Clothing,Captured,199.0
1887,2025-02-28,Demo Merchant 08,Electronics,Captured,179.05
1888,2025-02-28,Demo Merchant 08,Food & Beverage,Pending,197.99
1889,2025-03-01,Demo Merchant 01,Books,Captured,66.58
1890,2025-03-01,Demo Merchant 01,Clothing,Captured,98.14
1891,2025-03-01,Demo Merchant 01,Electronics,Captured,105.37
1892,2025-03-01,Demo Merchant 01,Food & Beverage,Pending,78.25
1893,2025-03-01,Demo Merchant 02,Books,Captured,87.95
1894,2025-03-01,Demo Merchant 02,Clothing,Captured,72.66
1895,2025-03-01,Demo Merchant 02,Electronics,Captured,101.0
1896,2025-03-01,Demo Merchant 02,Food & Beverage,Pending,96.28
1897,2025-03-01,Demo Merchant 03,Books,Captured,96.73
1898,2025-03-01,Demo Merchant 03,Clothing,Captured,126.8
1899,2025-03-01,Demo Merchant 03,Electronics,Captured,113.25
1900,2025-03-01,Demo Merchant 03,Food & Beverage,Pending,103.86
1901,2025-03-01,Demo Merchant 04,Books,Captured,126.68
1902,2025-03-01,Demo Merchant 04,Clothing,Captured,151.07
1903,2025-03-01,Demo Merchant 04,Electronics,Captured,144.04
1904,2025-03-01,Demo Merchant 04,Food & Beverage,Pending,133.05
1905,2025-03-01,Demo Merchant 05,Books,Captured,159.29
1906,2025-03-01,Demo Merchant 05,Clothing,Captured,132.59
1907,2025-03-01,Demo Merchant 05,Electronics,Captured,150.49
1908,2025-03-01,Demo Merchant 05,Food & Beverage,Pending,152.21
1909,2025-03-01,Demo Merchant 06,Books,Captured,157.95
1910,2025-03-01,Demo Merchant 06,Clothing,Captured,171.53
1911,2025-03-01,Demo Merchant 06,Electronics,Captured,153.29
1912,2025-03-01,Demo Merchant 06,Food & Beverage,Pending,172.65
1913,2025-03-01,Demo Merchant 07,Books,Captured,188.28
1914,2025-03-01,Demo Merchant 07,Clothing,Captured,136.24
1915,2025-03-01,Demo Merchant 07,Electronics,Captured,197.85
1916,2025-03-01,Demo Merchant 07,Food & Beverage,Pending,134.29
1917,2025-03-01,Demo Merchant 08,Books,Captured,185.76
1918,2025-03-01,Demo Merchant 08,Clothing,Captured,210.38
1919,2025-03-01,Demo Merchant 08,Electronics,Captured,190.24
1920,2025-03-01,Demo Merchant 08,Food & Beverage,Pending,173.01
